sample_index,actual_price,predicted_price,residual,abs_error,ape_pct,price_segment,ram_gb,storage_gb,condition_score,screen_size_inch,non_zero_features
5913,62.0,118.17132184801252,-56.17132184801251,56.17132184801251,90.5989062064718,Q5_high,64.0,2048.0,3,16.0,ram_gb=64; storage_gb=2048; screen_size_inch=16; no_info_model=1; storage_ssd=1; condition_score=3; cpu_tier_encoded=8; brand_HP=1; cpu_brand_Intel=1; cpu_family_ord_filled=4; cpu_family_group_Intel Core i=1; cpu_intel_generation_ord=14; cpu_suffix_power_ord_filled=4; gpu_tier_ord_filled=5; warranty_not_activated=1; ram_storage_product_scaled=16; ram_storage_balance=4; memory_storage_score=15.9739; is_mid_memory_storage=1; is_premium_memory_storage=1; brand_segment_business=1
6739,76.9,24.71054523690461,52.1894547630954,52.1894547630954,67.86665118738023,Q5_high,16.0,512.0,3,15.6,ram_gb=16; storage_gb=512; screen_size_inch=15.6; no_info_model=1; no_info_gpu=1; storage_ssd=1; condition_score=3; cpu_tier_encoded=6; brand_Dell=1; cpu_brand_Intel=1; cpu_family_ord_filled=3; cpu_family_group_Intel Core i=1; cpu_intel_generation_ord=10; cpu_suffix_power_ord_filled=3; gpu_tier_ord_filled=-1; warranty_not_activated=1; ram_storage_product_scaled=1; ram_storage_balance=1; memory_storage_score=11.9067; is_mid_memory_storage=1; brand_segment_business=1
7187,50.999,98.31087502299296,-47.31187502299294,47.31187502299294,92.77020142158268,Q5_high,32.0,2048.0,3,17.0,ram_gb=32; storage_gb=2048; screen_size_inch=17; no_info_model=1; storage_ssd=1; condition_score=3; cpu_tier_encoded=8; brand_MSI=1; cpu_brand_Intel=1; cpu_family_ord_filled=4; cpu_family_group_Intel Core i=1; cpu_intel_generation_ord=12; cpu_suffix_power_ord_filled=3; gpu_tier_ord_filled=3; warranty_not_activated=1; ram_storage_product_scaled=8; ram_storage_balance=2; memory_storage_score=14.6181; is_mid_memory_storage=1; is_premium_memory_storage=1; brand_segment_gaming_value=1
6262,110.99,71.04566659741151,39.94433340258848,39.94433340258848,35.98912821208081,Q5_high,128.0,512.0,3,14.0,ram_gb=128; storage_gb=512; screen_size_inch=14; no_info_model=1; storage_ssd=1; condition_score=3; cpu_tier_encoded=8; brand_Apple=1; cpu_brand_Apple=1; cpu_family_ord_filled=3; cpu_family_group_Apple Silicon=1; cpu_apple_core_spec=1; gpu_tier_ord_filled=1; warranty_not_activated=1; ram_storage_product_scaled=8; ram_storage_balance=1; memory_storage_score=15.9599; is_mid_memory_storage=1; brand_segment_premium=1
5661,63.05,98.22076271224545,-35.17076271224545,35.17076271224545,55.78233578468746,Q5_high,32.0,2048.0,3,17.3,ram_gb=32; storage_gb=2048; screen_size_inch=17.3; no_info_model=1; storage_ssd=1; condition_score=3; cpu_tier_encoded=8; brand_MSI=1; cpu_brand_Intel=1; cpu_family_ord_filled=4; cpu_family_group_Intel Core i=1; cpu_intel_generation_ord=12; cpu_suffix_power_ord_filled=3; gpu_tier_ord_filled=3; warranty_not_activated=1; ram_storage_product_scaled=8; ram_storage_balance=2; memory_storage_score=14.6181; is_mid_memory_storage=1; is_premium_memory_storage=1; brand_segment_gaming_value=1
5967,153.29,118.1294049706252,35.160595029374804,35.160595029374804,22.93730512712819,Q5_high,64.0,6144.0,3,18.0,ram_gb=64; storage_gb=6144; screen_size_inch=18; no_info_model=1; storage_ssd=1; condition_score=3; cpu_tier_encoded=8; brand_MSI=1; cpu_brand_Intel=1; cpu_family_ord_filled=4; cpu_family_group_Intel Core Ultra=1; cpu_intel_generation_ord=15; cpu_suffix_power_ord_filled=4; gpu_tier_ord_filled=5; warranty_not_activated=1; ram_storage_product_scaled=48; ram_storage_balance=4; memory_storage_score=17.0722; is_mid_memory_storage=1; is_premium_memory_storage=1; brand_segment_gaming_value=1
7056,86.99,121.5170485443078,-34.52704854430782,34.52704854430782,39.69082485838352,Q5_high,64.0,2048.0,3,16.0,ram_gb=64; storage_gb=2048; screen_size_inch=16; no_info_model=1; storage_ssd=1; condition_score=3; cpu_tier_encoded=8; brand_ASUS=1; cpu_brand_Intel=1; cpu_family_ord_filled=4; cpu_family_group_Intel Core i=1; cpu_intel_generation_ord=14; cpu_suffix_power_ord_filled=4; gpu_tier_ord_filled=4; warranty_not_activated=1; ram_storage_product_scaled=16; ram_storage_balance=4; memory_storage_score=15.9739; is_mid_memory_storage=1; is_premium_memory_storage=1; brand_segment_gaming_value=1
6501,58.899,26.890328310939225,32.008671689060776,32.008671689060776,54.34501721431735,Q5_high,16.0,512.0,3,14.0,ram_gb=16; storage_gb=512; screen_size_inch=14; no_info_model=1; storage_ssd=1; condition_score=3; cpu_tier_encoded=6; brand_Lenovo=1; cpu_brand_Intel=1; cpu_family_ord_filled=3; cpu_family_group_Intel Core i=1; cpu_intel_generation_ord=13; warranty_not_activated=1; ram_storage_product_scaled=1; ram_storage_balance=1; memory_storage_score=11.9067; is_mid_memory_storage=1; brand_segment_business=1
5786,35.9,67.42398882367965,-31.52398882367965,31.52398882367965,87.81055382640572,Q5_high,32.0,0.0,3,16.0,ram_gb=32; screen_size_inch=16; storage_missing=1; no_info_brand=1; no_info_model=1; no_info_storage=1; condition_score=3; cpu_tier_encoded=6; cpu_brand_Intel=1; cpu_family_ord_filled=3; cpu_family_group_Intel Core i=1; cpu_intel_generation_ord=12; cpu_suffix_power_ord_filled=4; gpu_tier_ord_filled=3; warranty_not_activated=1; memory_storage_score=6.99302
7029,73.99,43.004581711906745,30.98541828809325,30.98541828809325,41.87784604418604,Q5_high,32.0,1024.0,3,16.0,ram_gb=32; storage_gb=1024; screen_size_inch=16; no_info_model=1; storage_ssd=1; condition_score=3; cpu_tier_encoded=8; brand_Dell=1; cpu_brand_Intel=1; cpu_family_ord_filled=4; cpu_family_group_Intel Core i=1; cpu_intel_generation_ord=13; cpu_suffix_power_ord_filled=4; gpu_tier_ord_filled=4; warranty_not_activated=1; ram_storage_product_scaled=4; ram_storage_balance=2; memory_storage_score=13.9255; is_mid_memory_storage=1; is_premium_memory_storage=1; brand_segment_business=1
7118,38.2,68.54996178540887,-30.349961785408865,30.349961785408865,79.45016174190802,Q5_high,32.0,0.0,3,0.0,ram_gb=32; storage_missing=1; screen_missing=1; no_info_brand=1; no_info_model=1; no_info_storage=1; condition_score=3; cpu_tier_encoded=6; cpu_brand_Intel=1; cpu_family_ord_filled=3; cpu_family_group_Intel Core i=1; cpu_intel_generation_ord=12; cpu_suffix_power_ord_filled=3; gpu_tier_ord_filled=3; warranty_not_activated=1; memory_storage_score=6.99302
6072,8.39,37.480303999047344,-29.090303999047343,29.090303999047343,346.72591178840696,Q3,16.0,256.0,3,15.6,ram_gb=16; storage_gb=256; screen_size_inch=15.6; no_info_model=1; no_info_gpu=1; storage_ssd=1; condition_score=3; cpu_tier_encoded=6; brand_Dell=1; cpu_brand_Intel=1; cpu_family_ord_filled=3; cpu_family_group_Intel Core i=1; cpu_intel_generation_ord=8; cpu_suffix_power_ord_filled=3; gpu_tier_ord_filled=-1; warranty_not_activated=1; ram_storage_product_scaled=0.5; ram_storage_balance=0.5; memory_storage_score=11.2155; brand_segment_business=1
3296,51.0,23.72865405612272,27.27134594387728,27.27134594387728,53.47322734093584,Q5_high,32.0,1024.0,2,13.95,ram_gb=32; storage_gb=1024; screen_size_inch=13.95; model_is_rare=1; no_info_cpu_tier=1; storage_ssd=1; condition_score=2; brand_Lenovo=1; model_ThinkPad X1 Carbon=1; cpu_brand_Intel=1; cpu_family_ord_filled=-1; warranty_active=1; ram_storage_product_scaled=4; ram_storage_balance=2; memory_storage_score=13.9255; is_mid_memory_storage=1; is_premium_memory_storage=1; brand_segment_business=1
6278,62.99,35.9927704171332,26.9972295828668,26.9972295828668,42.85954847256199,Q5_high,16.0,1024.0,3,14.0,ram_gb=16; storage_gb=1024; screen_size_inch=14; no_info_model=1; storage_ssd=1; condition_score=3; cpu_tier_encoded=6; brand_Lenovo=1; cpu_brand_Intel=1; cpu_family_ord_filled=3; cpu_family_group_Intel Core Ultra=1; cpu_intel_generation_ord=15; cpu_suffix_power_ord_filled=1; warranty_not_activated=1; ram_storage_product_scaled=2; ram_storage_balance=1; memory_storage_score=12.5989; is_mid_memory_storage=1; brand_segment_business=1
7133,99.999,125.8051165641372,-25.8061165641372,25.8061165641372,25.80637462788348,Q5_high,64.0,2048.0,3,18.0,ram_gb=64; storage_gb=2048; screen_size_inch=18; no_info_model=1; storage_ssd=1; condition_score=3; cpu_tier_encoded=8; brand_ASUS=1; cpu_brand_Intel=1; cpu_family_ord_filled=4; cpu_family_group_Intel Core i=1; cpu_intel_generation_ord=14; cpu_suffix_power_ord_filled=4; gpu_tier_ord_filled=4; warranty_not_activated=1; ram_storage_product_scaled=16; ram_storage_balance=4; memory_storage_score=15.9739; is_mid_memory_storage=1; is_premium_memory_storage=1; brand_segment_gaming_value=1
5499,62.9,37.50978539310836,25.39021460689164,25.39021460689164,40.36600096485157,Q5_high,32.0,512.0,3,17.3,ram_gb=32; storage_gb=512; screen_size_inch=17.3; no_info_model=1; storage_ssd=1; condition_score=3; cpu_tier_encoded=6; brand_HP=1; cpu_brand_Intel=1; cpu_family_ord_filled=3; cpu_family_group_Intel Core i=1; cpu_intel_generation_ord=10; cpu_suffix_power_ord_filled=3; warranty_not_activated=1; ram_storage_product_scaled=2; ram_storage_balance=1; memory_storage_score=13.2333; is_mid_memory_storage=1; brand_segment_business=1
5907,51.9,27.59003096174447,24.309969038255527,24.309969038255527,46.84001741475053,Q5_high,16.0,512.0,3,13.3,ram_gb=16; storage_gb=512; screen_size_inch=13.3; no_info_model=1; storage_ssd=1; condition_score=3; cpu_tier_encoded=6; brand_Dell=1; cpu_brand_Intel=1; cpu_family_ord_filled=3; cpu_family_group_Intel Core i=1; cpu_intel_generation_ord=10; cpu_suffix_power_ord_filled=1; warranty_not_activated=1; ram_storage_product_scaled=1; ram_storage_balance=1; memory_storage_score=11.9067; is_mid_memory_storage=1; brand_segment_business=1
7045,12.89,34.87916996898047,-21.98916996898047,21.98916996898047,170.59092295562814,Q3,16.0,1152.0,3,15.6,ram_gb=16; storage_gb=1152; screen_size_inch=15.6; no_info_model=1; storage_ssd=1; storage_hdd=1; condition_score=3; cpu_tier_encoded=6; brand_Dell=1; cpu_brand_Intel=1; cpu_family_ord_filled=3; cpu_family_group_Intel Core i=1; cpu_intel_generation_ord=7; cpu_suffix_power_ord_filled=3; gpu_tier_ord_filled=2; warranty_not_activated=1; ram_storage_product_scaled=2.25; ram_storage_balance=1; memory_storage_score=12.7165; is_mid_memory_storage=1; brand_segment_business=1
5993,47.3,25.346381472566577,21.95361852743342,21.95361852743342,46.41356982544064,Q5_high,16.0,512.0,3,16.0,ram_gb=16; storage_gb=512; screen_size_inch=16; no_info_model=1; storage_ssd=1; condition_score=3; cpu_tier_encoded=6; brand_Dell=1; cpu_brand_Intel=1; cpu_family_ord_filled=3; cpu_family_group_Intel Core i=1; cpu_intel_generation_ord=12; cpu_suffix_power_ord_filled=1; warranty_not_activated=1; ram_storage_product_scaled=1; ram_storage_balance=1; memory_storage_score=11.9067; is_mid_memory_storage=1; brand_segment_business=1
5715,55.19,33.41852249900802,21.771477500991978,21.771477500991978,39.44822884760279,Q5_high,16.0,512.0,3,14.0,ram_gb=16; storage_gb=512; screen_size_inch=14; no_info_model=1; storage_ssd=1; condition_score=3; cpu_tier_encoded=6; brand_Lenovo=1; cpu_brand_Intel=1; cpu_family_ord_filled=3; cpu_family_group_Intel Core Ultra=1; cpu_intel_generation_ord=15; cpu_suffix_power_ord_filled=1; warranty_not_activated=1; ram_storage_product_scaled=1; ram_storage_balance=1; memory_storage_score=11.9067; is_mid_memory_storage=1; brand_segment_business=1
6410,31.29,52.77730955424874,-21.48730955424874,21.48730955424874,68.67149106503273,Q5_high,32.0,1024.0,3,16.1,ram_gb=32; storage_gb=1024; screen_size_inch=16.1; no_info_model=1; storage_ssd=1; condition_score=3; cpu_tier_encoded=6; brand_HP=1; cpu_brand_Intel=1; cpu_family_ord_filled=3; cpu_family_group_Intel Core i=1; cpu_intel_generation_ord=14; cpu_suffix_power_ord_filled=4; gpu_tier_ord_filled=4; warranty_not_activated=1; ram_storage_product_scaled=4; ram_storage_balance=2; memory_storage_score=13.9255; is_mid_memory_storage=1; is_premium_memory_storage=1; brand_segment_business=1
6283,17.99,38.68678237064604,-20.696782370646044,20.696782370646044,115.04603874733768,Q4,16.0,512.0,3,13.0,ram_gb=16; storage_gb=512; screen_size_inch=13; no_info_model=1; storage_ssd=1; condition_score=3; cpu_tier_encoded=4; brand_Apple=1; cpu_brand_Apple=1; cpu_family_ord_filled=3; cpu_family_group_Apple Silicon=1; cpu_apple_core_spec=1; gpu_tier_ord_filled=1; warranty_not_activated=1; ram_storage_product_scaled=1; ram_storage_balance=1; memory_storage_score=11.9067; is_mid_memory_storage=1; brand_segment_premium=1
7242,36.49,57.08894890495617,-20.598948904956167,20.598948904956167,56.45094246356855,Q5_high,32.0,1024.0,3,14.0,ram_gb=32; storage_gb=1024; screen_size_inch=14; no_info_model=1; no_info_cpu_tier=1; storage_ssd=1; condition_score=3; brand_ASUS=1; cpu_brand_AMD=1; cpu_family_ord_filled=3; cpu_family_group_AMD Ryzen=1; cpu_amd_generation_ord=9; gpu_tier_ord_filled=5; warranty_not_activated=1; ram_storage_product_scaled=4; ram_storage_balance=2; memory_storage_score=13.9255; is_mid_memory_storage=1; is_premium_memory_storage=1; brand_segment_gaming_value=1
268,36.99,17.192459413837184,19.797540586162818,19.797540586162818,53.52133167386541,Q5_high,16.0,512.0,2,0.0,ram_gb=16; storage_gb=512; screen_missing=1; no_info_model=1; no_info_cpu_brand=1; no_info_cpu_tier=1; no_info_gpu=1; no_info_storage=1; condition_score=2; brand_Apple=1; cpu_family_ord_filled=-1; gpu_tier_ord_filled=-1; warranty_active=1; ram_storage_product_scaled=1; ram_storage_balance=1; memory_storage_score=11.9067; is_mid_memory_storage=1; brand_segment_premium=1
7248,48.99,29.91973677903335,19.07026322096665,19.07026322096665,38.92684878743958,Q5_high,16.0,512.0,3,16.0,ram_gb=16; storage_gb=512; screen_size_inch=16; no_info_model=1; no_info_gpu=1; storage_ssd=1; condition_score=3; cpu_tier_encoded=6; brand_Dell=1; cpu_brand_Intel=1; cpu_family_ord_filled=3; cpu_family_group_Intel Core Ultra=1; cpu_intel_generation_ord=15; cpu_suffix_power_ord_filled=3; gpu_tier_ord_filled=-1; warranty_not_activated=1; ram_storage_product_scaled=1; ram_storage_balance=1; memory_storage_score=11.9067; is_mid_memory_storage=1; brand_segment_business=1
7215,131.69,112.98035018869057,18.709649811309447,18.709649811309447,14.207342859221995,Q5_high,64.0,4096.0,3,18.0,ram_gb=64; storage_gb=4096; screen_size_inch=18; no_info_model=1; storage_ssd=1; condition_score=3; cpu_tier_encoded=8; brand_MSI=1; cpu_brand_Intel=1; cpu_family_ord_filled=4; cpu_family_group_Intel Core Ultra=1; cpu_intel_generation_ord=15; cpu_suffix_power_ord_filled=4; gpu_tier_ord_filled=5; warranty_not_activated=1; ram_storage_product_scaled=32; ram_storage_balance=4; memory_storage_score=16.6668; is_mid_memory_storage=1; is_premium_memory_storage=1; brand_segment_gaming_value=1
3,37.5,19.515496428178604,17.984503571821396,17.984503571821396,47.95867619152372,Q5_high,32.0,512.0,2,13.95,ram_gb=32; storage_gb=512; screen_size_inch=13.95; no_info_model=1; no_info_cpu_tier=1; storage_ssd=1; condition_score=2; brand_Dell=1; cpu_brand_Intel=1; cpu_family_ord_filled=-1; warranty_active=1; ram_storage_product_scaled=2; ram_storage_balance=1; memory_storage_score=13.2333; is_mid_memory_storage=1; brand_segment_business=1
5658,17.0,34.597082121405194,-17.597082121405194,17.597082121405194,103.51224777297172,Q4,16.0,512.0,3,13.3,ram_gb=16; storage_gb=512; screen_size_inch=13.3; no_info_model=1; storage_ssd=1; condition_score=3; cpu_tier_encoded=6; brand_Lenovo=1; cpu_brand_Intel=1; cpu_family_ord_filled=3; cpu_family_group_Intel Core i=1; cpu_intel_generation_ord=11; cpu_suffix_power_ord_filled=1; warranty_not_activated=1; ram_storage_product_scaled=1; ram_storage_balance=1; memory_storage_score=11.9067; is_mid_memory_storage=1; brand_segment_business=1
5683,80.49,63.10293080987527,17.387069190124727,17.387069190124727,21.601527133960403,Q5_high,64.0,1024.0,3,16.0,ram_gb=64; storage_gb=1024; screen_size_inch=16; no_info_model=1; storage_ssd=1; condition_score=3; cpu_tier_encoded=6; brand_Lenovo=1; cpu_brand_Intel=1; cpu_family_ord_filled=3; cpu_family_group_Intel Core Ultra=1; cpu_intel_generation_ord=15; cpu_suffix_power_ord_filled=3; gpu_tier_ord_filled=3; warranty_not_activated=1; ram_storage_product_scaled=8; ram_storage_balance=2; memory_storage_score=15.2812; is_mid_memory_storage=1; is_premium_memory_storage=1; brand_segment_business=1
6787,34.59,17.225177771215606,17.364822228784398,17.364822228784398,50.20185668917142,Q5_high,8.0,0.0,3,0.0,ram_gb=8; storage_missing=1; screen_missing=1; no_info_brand=1; no_info_model=1; no_info_storage=1; condition_score=3; cpu_tier_encoded=4; cpu_brand_Intel=1; cpu_family_ord_filled=2; cpu_family_group_Intel Core i=1; cpu_intel_generation_ord=8; cpu_suffix_power_ord_filled=1; warranty_not_activated=1; memory_storage_score=4.39445; is_entry_memory_storage=1
5197,3.0,20.12825261836502,-17.12825261836502,17.12825261836502,570.9417539455007,Q1_low,8.0,500.0,2,11.95,ram_gb=8; storage_gb=500; screen_size_inch=11.95; storage_ssd=1; condition_score=2; cpu_tier_encoded=5; brand_Apple=1; model_MacBook Air=1; cpu_brand_Apple=1; cpu_family_ord_filled=4; cpu_family_group_Apple Silicon=1; warranty_expired=1; ram_storage_product_scaled=0.488281; ram_storage_balance=0.5; memory_storage_score=10.6111; brand_segment_premium=1
7182,57.28,40.164494317814544,17.115505682185457,17.115505682185457,29.88042193118969,Q5_high,16.0,512.0,3,13.4,ram_gb=16; storage_gb=512; screen_size_inch=13.4; no_info_model=1; storage_ssd=1; condition_score=3; cpu_tier_encoded=6; brand_Dell=1; cpu_brand_Intel=1; cpu_family_ord_filled=3; cpu_family_group_Intel Core i=1; cpu_intel_generation_ord=10; cpu_suffix_power_ord_filled=1; warranty_not_activated=1; ram_storage_product_scaled=1; ram_storage_balance=1; memory_storage_score=11.9067; is_mid_memory_storage=1; brand_segment_business=1
6971,61.99,45.3004381368894,16.689561863110605,16.689561863110605,26.92299058414358,Q5_high,64.0,1024.0,3,14.0,ram_gb=64; storage_gb=1024; screen_size_inch=14; no_info_model=1; no_info_gpu=1; storage_ssd=1; condition_score=3; cpu_tier_encoded=6; brand_Lenovo=1; cpu_brand_Intel=1; cpu_family_ord_filled=3; cpu_family_group_Intel Core Ultra=1; cpu_intel_generation_ord=14; cpu_suffix_power_ord_filled=1; gpu_tier_ord_filled=-1; warranty_not_activated=1; ram_storage_product_scaled=8; ram_storage_balance=2; memory_storage_score=15.2812; is_mid_memory_storage=1; is_premium_memory_storage=1; brand_segment_business=1
5871,65.0,48.44267014492839,16.557329855071607,16.557329855071607,25.472815161648622,Q5_high,32.0,512.0,3,13.0,ram_gb=32; storage_gb=512; screen_size_inch=13; no_info_model=1; storage_ssd=1; condition_score=3; cpu_tier_encoded=6; brand_Microsoft=1; cpu_brand_Intel=1; cpu_family_ord_filled=3; cpu_family_group_Intel Core Ultra=1; cpu_intel_generation_ord=15; cpu_suffix_power_ord_filled=1; warranty_not_activated=1; ram_storage_product_scaled=2; ram_storage_balance=1; memory_storage_score=13.2333; is_mid_memory_storage=1; brand_segment_premium=1
3719,4.0,20.533609195155663,-16.533609195155666,16.533609195155666,413.3402298788917,Q1_low,8.0,0.0,2,0.0,ram_gb=8; model_is_rare=1; storage_missing=1; screen_missing=1; storage_ssd=1; condition_score=2; cpu_tier_encoded=5; brand_Dell=1; model_XPS 13=1; cpu_brand_Intel=1; cpu_family_ord_filled=2; cpu_family_group_Intel Core i=1; warranty_active=1; memory_storage_score=4.39445; is_entry_memory_storage=1; brand_segment_business=1
283,20.5,4.240012818536153,16.25998718146385,16.25998718146385,79.31701064128707,Q4,0.0,0.0,2,13.95,screen_size_inch=13.95; ram_missing=1; storage_missing=1; no_info_cpu_brand=1; no_info_cpu_tier=1; no_info_gpu=1; no_info_storage=1; condition_score=2; brand_Apple=1; model_MacBook Pro=1; cpu_family_ord_filled=-1; gpu_tier_ord_filled=-1; warranty_active=1; is_entry_memory_storage=1; brand_segment_premium=1
1788,34.29,18.288651488862328,16.00134851113767,16.00134851113767,46.6647667283105,Q5_high,16.0,512.0,2,15.95,ram_gb=16; storage_gb=512; screen_size_inch=15.95; no_info_model=1; storage_ssd=1; condition_score=2; cpu_tier_encoded=6; brand_Lenovo=1; cpu_brand_Intel=1; cpu_family_ord_filled=3; cpu_family_group_Intel Core i=1; gpu_tier_ord_filled=2; warranty_active=1; ram_storage_product_scaled=1; ram_storage_balance=1; memory_storage_score=11.9067; is_mid_memory_storage=1; brand_segment_business=1
5619,44.5,28.701508576429568,15.798491423570432,15.798491423570432,35.5022279181358,Q5_high,16.0,512.0,3,15.4,ram_gb=16; storage_gb=512; screen_size_inch=15.4; no_info_model=1; no_info_cpu_brand=1; no_info_cpu_tier=1; storage_ssd=1; condition_score=3; brand_Apple=1; cpu_family_ord_filled=-1; warranty_not_activated=1; ram_storage_product_scaled=1; ram_storage_balance=1; memory_storage_score=11.9067; is_mid_memory_storage=1; brand_segment_premium=1
7230,33.399,48.40813457905599,-15.009134579055988,15.009134579055988,44.93887415508245,Q5_high,32.0,1024.0,3,14.5,ram_gb=32; storage_gb=1024; screen_size_inch=14.5; no_info_model=1; storage_ssd=1; condition_score=3; cpu_tier_encoded=6; brand_Acer=1; cpu_brand_Intel=1; cpu_family_ord_filled=3; cpu_family_group_Intel Core i=1; cpu_intel_generation_ord=13; cpu_suffix_power_ord_filled=3; gpu_tier_ord_filled=4; warranty_not_activated=1; ram_storage_product_scaled=4; ram_storage_balance=2; memory_storage_score=13.9255; is_mid_memory_storage=1; is_premium_memory_storage=1; brand_segment_gaming_value=1
738,36.5,21.66520641690093,14.83479358309907,14.83479358309907,40.64327009068239,Q5_high,32.0,512.0,2,15.95,ram_gb=32; storage_gb=512; screen_size_inch=15.95; no_info_cpu_tier=1; storage_ssd=1; condition_score=2; brand_Dell=1; model_Precision=1; cpu_brand_Intel=1; cpu_family_ord_filled=-1; gpu_tier_ord_filled=2; warranty_active=1; ram_storage_product_scaled=2; ram_storage_balance=1; memory_storage_score=13.2333; is_mid_memory_storage=1; brand_segment_business=1
7004,57.99,43.64655361431456,14.343446385685446,14.343446385685446,24.73434451747792,Q5_high,16.0,1024.0,3,16.0,ram_gb=16; storage_gb=1024; screen_size_inch=16; no_info_model=1; storage_ssd=1; condition_score=3; cpu_tier_encoded=8; brand_MSI=1; cpu_brand_Intel=1; cpu_family_ord_filled=4; cpu_family_group_Intel Core i=1; cpu_intel_generation_ord=13; cpu_suffix_power_ord_filled=4; gpu_tier_ord_filled=4; warranty_not_activated=1; ram_storage_product_scaled=2; ram_storage_balance=1; memory_storage_score=12.5989; is_mid_memory_storage=1; brand_segment_gaming_value=1
6136,45.5,31.615951889561664,13.884048110438336,13.884048110438336,30.51439145151282,Q5_high,16.0,0.0,3,0.0,ram_gb=16; storage_missing=1; screen_missing=1; no_info_brand=1; no_info_model=1; no_info_cpu_brand=1; no_info_cpu_tier=1; no_info_storage=1; condition_score=3; cpu_family_ord_filled=-1; cpu_intel_generation_ord=10; cpu_suffix_power_ord_filled=1; gpu_tier_ord_filled=2; warranty_not_activated=1; memory_storage_score=5.66643
6335,38.09,51.94411654389464,-13.85411654389464,13.85411654389464,36.37205708557269,Q5_high,16.0,1024.0,3,17.3,ram_gb=16; storage_gb=1024; screen_size_inch=17.3; no_info_model=1; storage_ssd=1; condition_score=3; cpu_tier_encoded=8; brand_ASUS=1; cpu_brand_AMD=1; cpu_family_ord_filled=4; cpu_family_group_AMD Ryzen=1; cpu_amd_generation_ord=7; cpu_suffix_power_ord_filled=4; gpu_tier_ord_filled=4; warranty_not_activated=1; ram_storage_product_scaled=2; ram_storage_balance=1; memory_storage_score=12.5989; is_mid_memory_storage=1; brand_segment_gaming_value=1
6030,128.96,115.1752359186076,13.78476408139241,13.78476408139241,10.689178102816694,Q5_high,64.0,2048.0,3,18.0,ram_gb=64; storage_gb=2048; screen_size_inch=18; no_info_model=1; storage_ssd=1; condition_score=3; cpu_tier_encoded=8; brand_MSI=1; cpu_brand_Intel=1; cpu_family_ord_filled=4; cpu_family_group_Intel Core Ultra=1; cpu_intel_generation_ord=15; cpu_suffix_power_ord_filled=4; gpu_tier_ord_filled=5; warranty_not_activated=1; ram_storage_product_scaled=16; ram_storage_balance=4; memory_storage_score=15.9739; is_mid_memory_storage=1; is_premium_memory_storage=1; brand_segment_gaming_value=1
5947,10.99,24.64778237489481,-13.65778237489481,13.65778237489481,124.27463489440228,Q3,8.0,256.0,3,13.3,ram_gb=8; storage_gb=256; screen_size_inch=13.3; no_info_model=1; storage_ssd=1; condition_score=3; cpu_tier_encoded=4; brand_HP=1; cpu_brand_Intel=1; cpu_family_ord_filled=2; cpu_family_group_Intel Core i=1; cpu_intel_generation_ord=8; cpu_suffix_power_ord_filled=1; warranty_not_activated=1; ram_storage_product_scaled=0.25; ram_storage_balance=0.5; memory_storage_score=9.94353; is_entry_memory_storage=1; brand_segment_business=1
3480,30.8,17.174955881499713,13.625044118500288,13.625044118500288,44.23715622889704,Q5_high,16.0,1024.0,2,15.95,ram_gb=16; storage_gb=1024; screen_size_inch=15.95; no_info_model=1; storage_ssd=1; condition_score=2; cpu_tier_encoded=6; brand_Dell=1; cpu_brand_Intel=1; cpu_family_ord_filled=-1; gpu_tier_ord_filled=2; warranty_active=1; ram_storage_product_scaled=2; ram_storage_balance=1; memory_storage_score=12.5989; is_mid_memory_storage=1; brand_segment_business=1
2835,32.0,18.41166931305076,13.588330686949242,13.588330686949242,42.46353339671638,Q5_high,16.0,512.0,3,17.95,ram_gb=16; storage_gb=512; screen_size_inch=17.95; storage_ssd=1; condition_score=3; cpu_tier_encoded=6; brand_Dell=1; model_Precision=1; cpu_brand_Intel=1; cpu_family_ord_filled=3; cpu_family_group_Intel Core i=1; gpu_tier_ord_filled=2; warranty_active=1; ram_storage_product_scaled=1; ram_storage_balance=1; memory_storage_score=11.9067; is_mid_memory_storage=1; brand_segment_business=1
4106,39.9,26.381201589540357,13.518798410459643,13.518798410459643,33.88170027684122,Q5_high,32.0,1024.0,2,15.95,ram_gb=32; storage_gb=1024; screen_size_inch=15.95; no_info_model=1; no_info_cpu_brand=1; no_info_cpu_tier=1; no_info_gpu=1; storage_ssd=1; condition_score=2; brand_Microsoft=1; cpu_family_ord_filled=-1; gpu_tier_ord_filled=-1; warranty_active=1; ram_storage_product_scaled=4; ram_storage_balance=2; memory_storage_score=13.9255; is_mid_memory_storage=1; is_premium_memory_storage=1; brand_segment_premium=1
6974,49.399,62.91166083796628,-13.51266083796628,13.51266083796628,27.35411817641305,Q5_high,32.0,0.0,3,14.5,ram_gb=32; screen_size_inch=14.5; storage_missing=1; no_info_model=1; no_info_storage=1; condition_score=3; cpu_tier_encoded=8; brand_ASUS=1; cpu_brand_Intel=1; cpu_family_ord_filled=4; cpu_family_group_Intel Core i=1; cpu_intel_generation_ord=13; cpu_suffix_power_ord_filled=3; gpu_tier_ord_filled=4; warranty_not_activated=1; memory_storage_score=6.99302; brand_segment_gaming_value=1
5571,37.99,24.501763997853494,13.488236002146504,13.488236002146504,35.50470124281785,Q5_high,16.0,1024.0,3,16.0,ram_gb=16; storage_gb=1024; screen_size_inch=16; no_info_model=1; storage_ssd=1; condition_score=3; cpu_tier_encoded=6; brand_Acer=1; cpu_brand_AMD=1; cpu_family_ord_filled=3; cpu_family_group_AMD Ryzen=1; cpu_amd_generation_ord=6; cpu_suffix_power_ord_filled=1; warranty_not_activated=1; ram_storage_product_scaled=2; ram_storage_balance=1; memory_storage_score=12.5989; is_mid_memory_storage=1; brand_segment_gaming_value=1
6130,20.5,33.80233181149204,-13.30233181149204,13.30233181149204,64.88942347069288,Q4,32.0,512.0,3,14.0,ram_gb=32; storage_gb=512; screen_size_inch=14; no_info_model=1; no_info_gpu=1; storage_ssd=1; condition_score=3; cpu_tier_encoded=6; brand_Dell=1; cpu_brand_Intel=1; cpu_family_ord_filled=3; cpu_family_group_Intel Core Ultra=1; cpu_intel_generation_ord=14; cpu_suffix_power_ord_filled=1; gpu_tier_ord_filled=-1; warranty_not_activated=1; ram_storage_product_scaled=2; ram_storage_balance=1; memory_storage_score=13.2333; is_mid_memory_storage=1; brand_segment_business=1
1146,22.2,8.955802251739822,13.244197748260175,13.244197748260175,59.65854841558639,Q5_high,16.0,500.0,2,0.0,ram_gb=16; storage_gb=500; screen_missing=1; no_info_model=1; no_info_gpu=1; storage_ssd=1; condition_score=2; cpu_tier_encoded=6; brand_Acer=1; cpu_brand_Intel=1; cpu_family_ord_filled=3; cpu_family_group_Intel Core i=1; gpu_tier_ord_filled=-1; warranty_active=1; ram_storage_product_scaled=0.976562; ram_storage_balance=0.976562; memory_storage_score=11.883; brand_segment_gaming_value=1
6647,52.718,39.68188933335613,13.036110666643872,13.036110666643872,24.7280068793275,Q5_high,8.0,2048.0,3,15.6,ram_gb=8; storage_gb=2048; screen_size_inch=15.6; no_info_model=1; storage_ssd=1; condition_score=3; cpu_tier_encoded=6; brand_MSI=1; cpu_brand_Intel=1; cpu_family_ord_filled=3; cpu_family_group_Intel Core i=1; cpu_intel_generation_ord=10; cpu_suffix_power_ord_filled=3; gpu_tier_ord_filled=3; warranty_not_activated=1; ram_storage_product_scaled=2; ram_storage_balance=0.5; memory_storage_score=12.0196; brand_segment_gaming_value=1
5590,15.499,28.396465834739985,-12.897465834739984,12.897465834739984,83.21482569675453,Q4,16.0,0.0,3,13.5,ram_gb=16; screen_size_inch=13.5; storage_missing=1; no_info_brand=1; no_info_model=1; no_info_storage=1; condition_score=3; cpu_tier_encoded=4; cpu_brand_Intel=1; cpu_family_ord_filled=2; cpu_family_group_Intel Core i=1; cpu_intel_generation_ord=11; cpu_suffix_power_ord_filled=1; warranty_not_activated=1; memory_storage_score=5.66643
5580,27.8,40.56865574779727,-12.768655747797272,12.768655747797272,45.93041635898299,Q5_high,16.0,0.0,3,16.0,ram_gb=16; screen_size_inch=16; storage_missing=1; no_info_brand=1; no_info_model=1; no_info_storage=1; condition_score=3; cpu_tier_encoded=8; cpu_brand_AMD=1; cpu_family_ord_filled=4; cpu_family_group_AMD Ryzen=1; cpu_amd_generation_ord=7; cpu_suffix_power_ord_filled=4; gpu_tier_ord_filled=4; warranty_not_activated=1; memory_storage_score=5.66643
5874,27.299,14.532321984746217,12.766678015253785,12.766678015253785,46.76610137826947,Q5_high,8.0,256.0,3,14.0,ram_gb=8; storage_gb=256; screen_size_inch=14; no_info_model=1; no_info_gpu=1; storage_ssd=1; condition_score=3; cpu_tier_encoded=4; brand_HP=1; cpu_brand_Intel=1; cpu_family_ord_filled=2; cpu_family_group_Intel Core i=1; cpu_intel_generation_ord=6; cpu_suffix_power_ord_filled=1; gpu_tier_ord_filled=-1; warranty_not_activated=1; ram_storage_product_scaled=0.25; ram_storage_balance=0.5; memory_storage_score=9.94353; is_entry_memory_storage=1; brand_segment_business=1
6863,44.39,31.63695345388723,12.75304654611277,12.75304654611277,28.729548425575064,Q5_high,16.0,512.0,3,13.3,ram_gb=16; storage_gb=512; screen_size_inch=13.3; no_info_model=1; no_info_gpu=1; storage_ssd=1; condition_score=3; cpu_tier_encoded=6; brand_HP=1; cpu_brand_Intel=1; cpu_family_ord_filled=3; cpu_family_group_Intel Core Ultra=1; cpu_intel_generation_ord=14; cpu_suffix_power_ord_filled=1; gpu_tier_ord_filled=-1; warranty_not_activated=1; ram_storage_product_scaled=1; ram_storage_balance=1; memory_storage_score=11.9067; is_mid_memory_storage=1; brand_segment_business=1
5646,17.5,30.13380238418405,-12.633802384184053,12.633802384184053,72.19315648105173,Q4,16.0,1024.0,3,15.6,ram_gb=16; storage_gb=1024; screen_size_inch=15.6; no_info_model=1; storage_ssd=1; condition_score=3; cpu_tier_encoded=6; brand_HP=1; cpu_brand_Intel=1; cpu_family_ord_filled=3; cpu_family_group_Intel Core i=1; cpu_intel_generation_ord=13; cpu_suffix_power_ord_filled=3; warranty_not_activated=1; ram_storage_product_scaled=2; ram_storage_balance=1; memory_storage_score=12.5989; is_mid_memory_storage=1; brand_segment_business=1
2520,30.0,42.60291847568085,-12.602918475680852,12.602918475680852,42.009728252269504,Q5_high,64.0,1024.0,2,17.95,ram_gb=64; storage_gb=1024; screen_size_inch=17.95; no_info_model=1; storage_ssd=1; condition_score=2; cpu_tier_encoded=7; brand_MSI=1; cpu_brand_Intel=1; cpu_family_ord_filled=4; cpu_family_group_Intel Core i=1; gpu_tier_ord_filled=2; warranty_active=1; ram_storage_product_scaled=8; ram_storage_balance=2; memory_storage_score=15.2812; is_mid_memory_storage=1; is_premium_memory_storage=1; brand_segment_gaming_value=1
2685,20.5,33.01921592071565,-12.519215920715652,12.519215920715652,61.0693459547105,Q4,32.0,1024.0,3,15.95,ram_gb=32; storage_gb=1024; screen_size_inch=15.95; no_info_model=1; storage_ssd=1; condition_score=3; cpu_tier_encoded=7; brand_Dell=1; cpu_brand_Intel=1; cpu_family_ord_filled=-1; gpu_tier_ord_filled=2; warranty_active=1; ram_storage_product_scaled=4; ram_storage_balance=2; memory_storage_score=13.9255; is_mid_memory_storage=1; is_premium_memory_storage=1; brand_segment_business=1
6848,42.499,30.016853557778745,12.482146442221255,12.482146442221255,29.37044740398893,Q5_high,16.0,1024.0,3,15.3,ram_gb=16; storage_gb=1024; screen_size_inch=15.3; no_info_model=1; no_info_cpu_brand=1; no_info_cpu_tier=1; storage_ssd=1; condition_score=3; brand_Lenovo=1; cpu_family_ord_filled=2; cpu_family_group_Intel Core Ultra=1; cpu_intel_generation_ord=15; cpu_suffix_power_ord_filled=1; warranty_not_activated=1; ram_storage_product_scaled=2; ram_storage_balance=1; memory_storage_score=12.5989; is_mid_memory_storage=1; brand_segment_business=1
5641,44.69,32.348834714561605,12.341165285438391,12.341165285438391,27.61504874790421,Q5_high,16.0,512.0,3,16.0,ram_gb=16; storage_gb=512; screen_size_inch=16; brand_is_rare=1; no_info_model=1; storage_ssd=1; condition_score=3; cpu_tier_encoded=6; brand_LG=1; cpu_brand_Intel=1; cpu_family_ord_filled=3; cpu_family_group_Intel Core Ultra=1; cpu_intel_generation_ord=14; cpu_suffix_power_ord_filled=3; warranty_not_activated=1; ram_storage_product_scaled=1; ram_storage_balance=1; memory_storage_score=11.9067; is_mid_memory_storage=1; brand_segment_premium=1; brand_segment_rare=1
2494,2.5,14.776416844751823,-12.276416844751823,12.276416844751823,491.056673790073,Q1_low,0.0,0.0,2,15.95,screen_size_inch=15.95; brand_is_rare=1; ram_missing=1; storage_missing=1; no_info_model=1; no_info_cpu_tier=1; no_info_storage=1; condition_score=2; cpu_brand_Intel=1; cpu_family_ord_filled=-1; gpu_tier_ord_filled=2; warranty_active=1; is_entry_memory_storage=1; brand_segment_rare=1
5677,20.0,32.14246499530556,-12.14246499530556,12.14246499530556,60.7123249765278,Q4,16.0,1024.0,3,14.0,ram_gb=16; storage_gb=1024; screen_size_inch=14; no_info_model=1; storage_ssd=1; condition_score=3; cpu_tier_encoded=6; brand_Dell=1; cpu_brand_Intel=1; cpu_family_ord_filled=3; cpu_family_group_Intel Core Ultra=1; cpu_intel_generation_ord=15; cpu_suffix_power_ord_filled=1; warranty_not_activated=1; ram_storage_product_scaled=2; ram_storage_balance=1; memory_storage_score=12.5989; is_mid_memory_storage=1; brand_segment_business=1
3943,8.9,20.93739537695033,-12.037395376950334,12.037395376950334,135.25163344888017,Q3,32.0,512.0,2,17.95,ram_gb=32; storage_gb=512; screen_size_inch=17.95; storage_ssd=1; condition_score=2; cpu_tier_encoded=6; brand_Dell=1; model_Precision=1; cpu_brand_Intel=1; cpu_family_ord_filled=3; cpu_family_group_Intel Core i=1; gpu_tier_ord_filled=2; warranty_active=1; ram_storage_product_scaled=2; ram_storage_balance=1; memory_storage_score=13.2333; is_mid_memory_storage=1; brand_segment_business=1
5517,51.999,39.97401690242211,12.024983097577897,12.024983097577897,23.12541221480777,Q5_high,32.0,1024.0,3,15.6,ram_gb=32; storage_gb=1024; screen_size_inch=15.6; no_info_model=1; storage_ssd=1; condition_score=3; cpu_tier_encoded=6; brand_Dell=1; cpu_brand_Intel=1; cpu_family_ord_filled=3; cpu_family_group_Intel Core i=1; cpu_intel_generation_ord=13; cpu_suffix_power_ord_filled=3; gpu_tier_ord_filled=3; warranty_not_activated=1; ram_storage_product_scaled=4; ram_storage_balance=2; memory_storage_score=13.9255; is_mid_memory_storage=1; is_premium_memory_storage=1; brand_segment_business=1
6154,22.98,34.95637334389802,-11.976373343898022,11.976373343898022,52.11650715360323,Q5_high,16.0,0.0,3,0.0,ram_gb=16; storage_missing=1; screen_missing=1; no_info_brand=1; no_info_model=1; no_info_storage=1; condition_score=3; cpu_tier_encoded=6; cpu_brand_Intel=1; cpu_family_ord_filled=3; cpu_family_group_Intel Core i=1; cpu_intel_generation_ord=12; cpu_suffix_power_ord_filled=3; gpu_tier_ord_filled=3; warranty_not_activated=1; memory_storage_score=5.66643
6577,84.99,96.92442995543075,-11.934429955430772,11.934429955430772,14.042157848488968,Q5_high,32.0,2048.0,3,16.0,ram_gb=32; storage_gb=2048; screen_size_inch=16; no_info_model=1; storage_ssd=1; condition_score=3; cpu_tier_encoded=8; brand_MSI=1; cpu_brand_Intel=1; cpu_family_ord_filled=4; cpu_family_group_Intel Core i=1; cpu_intel_generation_ord=14; cpu_suffix_power_ord_filled=4; gpu_tier_ord_filled=4; warranty_not_activated=1; ram_storage_product_scaled=8; ram_storage_balance=2; memory_storage_score=14.6181; is_mid_memory_storage=1; is_premium_memory_storage=1; brand_segment_gaming_value=1
5627,44.439,32.515788702775694,11.923211297224306,11.923211297224306,26.830512156493857,Q5_high,16.0,256.0,3,12.3,ram_gb=16; storage_gb=256; screen_size_inch=12.3; no_info_model=1; no_info_cpu_brand=1; no_info_cpu_tier=1; storage_ssd=1; condition_score=3; brand_Microsoft=1; cpu_family_ord_filled=-1; cpu_intel_generation_ord=11; cpu_suffix_power_ord_filled=1; warranty_not_activated=1; ram_storage_product_scaled=0.5; ram_storage_balance=0.5; memory_storage_score=11.2155; brand_segment_premium=1
5988,30.132,18.21372495842329,11.918275041576711,11.918275041576711,39.55354786133251,Q5_high,16.0,512.0,3,14.0,ram_gb=16; storage_gb=512; screen_size_inch=14; no_info_model=1; storage_ssd=1; condition_score=3; cpu_tier_encoded=4; brand_HP=1; cpu_brand_AMD=1; cpu_family_ord_filled=2; cpu_family_group_AMD Ryzen=1; cpu_amd_generation_ord=8; cpu_suffix_power_ord_filled=1; warranty_not_activated=1; ram_storage_product_scaled=1; ram_storage_balance=1; memory_storage_score=11.9067; is_mid_memory_storage=1; brand_segment_business=1
6828,50.0489,38.13549634153584,11.91340365846417,11.91340365846417,23.803527467065543,Q5_high,16.0,512.0,3,15.4,ram_gb=16; storage_gb=512; screen_size_inch=15.4; no_info_model=1; storage_ssd=1; condition_score=3; cpu_tier_encoded=8; brand_Apple=1; cpu_brand_Intel=1; cpu_family_ord_filled=4; cpu_family_group_Intel Core i=1; cpu_intel_generation_ord=9; cpu_suffix_power_ord_filled=3; warranty_not_activated=1; ram_storage_product_scaled=1; ram_storage_balance=1; memory_storage_score=11.9067; is_mid_memory_storage=1; brand_segment_premium=1
1747,41.0,29.10286546886355,11.897134531136452,11.897134531136452,29.01740129545476,Q5_high,16.0,1025.0,2,15.95,ram_gb=16; storage_gb=1025; screen_size_inch=15.95; no_info_gpu=1; storage_ssd=1; condition_score=2; cpu_tier_encoded=6; brand_Apple=1; model_MacBook Pro=1; cpu_brand_Apple=1; cpu_family_ord_filled=3; cpu_family_group_Apple Silicon=1; gpu_tier_ord_filled=-1; warranty_active=1; ram_storage_product_scaled=2.00195; ram_storage_balance=1; memory_storage_score=12.5998; is_mid_memory_storage=1; brand_segment_premium=1
3573,6.45,18.288651488862328,-11.838651488862329,11.838651488862329,183.54498432344693,Q2,16.0,512.0,2,15.95,ram_gb=16; storage_gb=512; screen_size_inch=15.95; no_info_model=1; storage_ssd=1; condition_score=2; cpu_tier_encoded=6; brand_Lenovo=1; cpu_brand_Intel=1; cpu_family_ord_filled=3; cpu_family_group_Intel Core i=1; gpu_tier_ord_filled=2; warranty_active=1; ram_storage_product_scaled=1; ram_storage_balance=1; memory_storage_score=11.9067; is_mid_memory_storage=1; brand_segment_business=1
5591,36.35,24.548298947510432,11.80170105248957,11.80170105248957,32.466852964207895,Q5_high,16.0,1024.0,3,16.1,ram_gb=16; storage_gb=1024; screen_size_inch=16.1; no_info_model=1; no_info_gpu=1; storage_ssd=1; condition_score=3; cpu_tier_encoded=4; brand_HP=1; cpu_brand_Intel=1; cpu_family_ord_filled=2; cpu_family_group_Intel Core i=1; cpu_intel_generation_ord=11; cpu_suffix_power_ord_filled=3; gpu_tier_ord_filled=-1; warranty_not_activated=1; ram_storage_product_scaled=2; ram_storage_balance=1; memory_storage_score=12.5989; is_mid_memory_storage=1; brand_segment_business=1
6527,5.8,17.308352183288815,-11.508352183288814,11.508352183288814,198.41986522911748,Q2,8.0,512.0,3,15.6,ram_gb=8; storage_gb=512; screen_size_inch=15.6; no_info_model=1; storage_ssd=1; condition_score=3; cpu_tier_encoded=4; brand_Lenovo=1; cpu_brand_Intel=1; cpu_family_ord_filled=2; cpu_family_group_Intel Core i=1; cpu_intel_generation_ord=10; cpu_suffix_power_ord_filled=1; warranty_not_activated=1; ram_storage_product_scaled=0.5; ram_storage_balance=0.5; memory_storage_score=10.6347; brand_segment_business=1
6751,5.7,17.206679434589773,-11.506679434589774,11.506679434589774,201.8715690278908,Q2,8.0,500.0,3,14.0,ram_gb=8; storage_gb=500; screen_size_inch=14; no_info_model=1; storage_hdd=1; condition_score=3; cpu_tier_encoded=4; brand_Dell=1; cpu_brand_Intel=1; cpu_family_ord_filled=2; cpu_family_group_Intel Core i=1; cpu_intel_generation_ord=4; cpu_suffix_power_ord_filled=3; gpu_tier_ord_filled=2; warranty_not_activated=1; ram_storage_product_scaled=0.488281; ram_storage_balance=0.5; memory_storage_score=10.6111; brand_segment_business=1
5572,63.0,51.618541677156,11.381458322843995,11.381458322843995,18.065806861657137,Q5_high,32.0,1024.0,3,16.3,ram_gb=32; storage_gb=1024; screen_size_inch=16.3; no_info_model=1; storage_ssd=1; condition_score=3; cpu_tier_encoded=8; brand_Dell=1; cpu_brand_Intel=1; cpu_family_ord_filled=4; cpu_family_group_Intel Core Ultra=1; cpu_intel_generation_ord=14; cpu_suffix_power_ord_filled=3; gpu_tier_ord_filled=4; warranty_not_activated=1; ram_storage_product_scaled=4; ram_storage_balance=2; memory_storage_score=13.9255; is_mid_memory_storage=1; is_premium_memory_storage=1; brand_segment_business=1
987,27.95,16.723998607284692,11.226001392715308,11.226001392715308,40.16458458932132,Q5_high,32.0,750.0,2,15.95,ram_gb=32; storage_gb=750; screen_size_inch=15.95; no_info_brand=1; no_info_model=1; storage_ssd=1; condition_score=2; cpu_tier_encoded=5; cpu_brand_Intel=1; cpu_family_ord_filled=2; cpu_family_group_Intel Core i=1; gpu_tier_ord_filled=2; warranty_active=1; ram_storage_product_scaled=2.92969; ram_storage_balance=1.46484; memory_storage_score=13.6144; is_mid_memory_storage=1
4651,23.5,12.487719906529396,11.012280093470604,11.012280093470604,46.86076635519406,Q5_high,16.0,512.0,2,13.95,ram_gb=16; storage_gb=512; screen_size_inch=13.95; no_info_model=1; storage_ssd=1; condition_score=2; cpu_tier_encoded=6; brand_HP=1; cpu_brand_Intel=1; cpu_family_ord_filled=3; cpu_family_group_Intel Core i=1; warranty_active=1; ram_storage_product_scaled=1; ram_storage_balance=1; memory_storage_score=11.9067; is_mid_memory_storage=1; brand_segment_business=1
5608,14.0,25.005530880614355,-11.005530880614357,11.005530880614357,78.6109348615311,Q4,16.0,512.0,3,15.6,ram_gb=16; storage_gb=512; screen_size_inch=15.6; no_info_model=1; storage_ssd=1; condition_score=3; cpu_tier_encoded=6; brand_Lenovo=1; cpu_brand_Intel=1; cpu_family_ord_filled=3; cpu_family_group_Intel Core i=1; cpu_intel_generation_ord=12; cpu_suffix_power_ord_filled=1; warranty_not_activated=1; ram_storage_product_scaled=1; ram_storage_balance=1; memory_storage_score=11.9067; is_mid_memory_storage=1; brand_segment_business=1
2950,2.5,13.37501493292855,-10.87501493292855,10.87501493292855,435.000597317142,Q1_low,0.0,1024.0,2,13.95,storage_gb=1024; screen_size_inch=13.95; ram_missing=1; no_info_model=1; storage_ssd=1; condition_score=2; cpu_tier_encoded=6; brand_Apple=1; cpu_brand_Intel=1; cpu_family_ord_filled=-1; gpu_tier_ord_filled=2; warranty_active=1; memory_storage_score=6.93245; brand_segment_premium=1
7209,33.3,22.606670810184145,10.693329189815852,10.693329189815852,32.11209966911668,Q5_high,16.0,512.0,3,14.0,ram_gb=16; storage_gb=512; screen_size_inch=14; no_info_model=1; no_info_cpu_tier=1; storage_ssd=1; condition_score=3; brand_HP=1; cpu_brand_AMD=1; cpu_family_ord_filled=3; cpu_family_group_AMD Ryzen=1; cpu_amd_generation_ord=8; cpu_suffix_power_ord_filled=1; warranty_not_activated=1; ram_storage_product_scaled=1; ram_storage_balance=1; memory_storage_score=11.9067; is_mid_memory_storage=1; brand_segment_business=1
4620,4.5,15.189855144766474,-10.689855144766474,10.689855144766474,237.5523365503661,Q1_low,16.0,1024.0,1,15.95,ram_gb=16; storage_gb=1024; screen_size_inch=15.95; no_info_model=1; storage_hdd=1; condition_score=1; cpu_tier_encoded=6; brand_Dell=1; cpu_brand_Intel=1; cpu_family_ord_filled=-1; gpu_tier_ord_filled=2; warranty_active=1; ram_storage_product_scaled=2; ram_storage_balance=1; memory_storage_score=12.5989; is_mid_memory_storage=1; brand_segment_business=1
7051,27.89,38.49689198087303,-10.60689198087303,10.60689198087303,38.0311652236394,Q5_high,16.0,512.0,3,13.3,ram_gb=16; storage_gb=512; screen_size_inch=13.3; no_info_model=1; storage_ssd=1; condition_score=3; cpu_tier_encoded=6; brand_ASUS=1; cpu_brand_Intel=1; cpu_family_ord_filled=3; cpu_family_group_Intel Core i=1; cpu_intel_generation_ord=8; cpu_suffix_power_ord_filled=1; warranty_not_activated=1; ram_storage_product_scaled=1; ram_storage_balance=1; memory_storage_score=11.9067; is_mid_memory_storage=1; brand_segment_gaming_value=1
6080,94.99,84.50084854413663,10.489151455863365,10.489151455863365,11.042374414005018,Q5_high,64.0,2048.0,3,14.0,ram_gb=64; storage_gb=2048; screen_size_inch=14; no_info_model=1; no_info_cpu_tier=1; storage_ssd=1; condition_score=3; brand_ASUS=1; cpu_brand_AMD=1; cpu_family_ord_filled=3; cpu_family_group_AMD Ryzen=1; cpu_amd_generation_ord=9; cpu_suffix_power_ord_filled=4; gpu_tier_ord_filled=5; warranty_not_activated=1; ram_storage_product_scaled=16; ram_storage_balance=4; memory_storage_score=15.9739; is_mid_memory_storage=1; is_premium_memory_storage=1; brand_segment_gaming_value=1
6641,24.7,35.06889424087146,-10.36889424087146,10.36889424087146,41.97932891041077,Q5_high,16.0,1024.0,3,15.6,ram_gb=16; storage_gb=1024; screen_size_inch=15.6; no_info_model=1; storage_ssd=1; condition_score=3; cpu_tier_encoded=6; brand_Acer=1; cpu_brand_Intel=1; cpu_family_ord_filled=3; cpu_family_group_Intel Core i=1; cpu_intel_generation_ord=12; cpu_suffix_power_ord_filled=3; gpu_tier_ord_filled=4; warranty_not_activated=1; ram_storage_product_scaled=2; ram_storage_balance=1; memory_storage_score=12.5989; is_mid_memory_storage=1; brand_segment_gaming_value=1
5859,24.899,34.92683807802043,-10.02783807802043,10.02783807802043,40.27405951251227,Q5_high,16.0,256.0,3,16.0,ram_gb=16; storage_gb=256; screen_size_inch=16; brand_is_rare=1; no_info_model=1; no_info_cpu_tier=1; storage_ssd=1; condition_score=3; brand_LG=1; cpu_brand_Intel=1; cpu_family_ord_filled=-1; cpu_intel_generation_ord=12; cpu_suffix_power_ord_filled=2; warranty_not_activated=1; ram_storage_product_scaled=0.5; ram_storage_balance=0.5; memory_storage_score=11.2155; brand_segment_premium=1; brand_segment_rare=1
6015,42.1,32.07767877443372,10.02232122556628,10.02232122556628,23.80598865930233,Q5_high,32.0,1024.0,3,16.0,ram_gb=32; storage_gb=1024; screen_size_inch=16; no_info_model=1; storage_ssd=1; condition_score=3; cpu_tier_encoded=6; brand_Lenovo=1; cpu_brand_Intel=1; cpu_family_ord_filled=3; cpu_family_group_Intel Core i=1; cpu_intel_generation_ord=13; cpu_suffix_power_ord_filled=1; warranty_not_activated=1; ram_storage_product_scaled=4; ram_storage_balance=2; memory_storage_score=13.9255; is_mid_memory_storage=1; is_premium_memory_storage=1; brand_segment_business=1
5878,27.63,37.57489174158896,-9.944891741588965,9.944891741588965,35.99309352728543,Q5_high,32.0,0.0,3,14.0,ram_gb=32; screen_size_inch=14; storage_missing=1; no_info_brand=1; no_info_model=1; no_info_storage=1; condition_score=3; cpu_tier_encoded=4; cpu_brand_Intel=1; cpu_family_ord_filled=2; cpu_family_group_Intel Core i=1; cpu_intel_generation_ord=13; cpu_suffix_power_ord_filled=1; warranty_not_activated=1; memory_storage_score=6.99302
7095,8.0,17.935783254594373,-9.935783254594371,9.935783254594371,124.19729068242968,Q2,8.0,512.0,3,14.0,ram_gb=8; storage_gb=512; screen_size_inch=14; no_info_model=1; no_info_cpu_tier=1; storage_ssd=1; condition_score=3; brand_MSI=1; cpu_brand_AMD=1; cpu_family_ord_filled=3; cpu_family_group_AMD Ryzen=1; cpu_amd_generation_ord=7; cpu_suffix_power_ord_filled=1; warranty_not_activated=1; ram_storage_product_scaled=0.5; ram_storage_balance=0.5; memory_storage_score=10.6347; brand_segment_gaming_value=1
5353,21.5,11.669179911390762,9.830820088609238,9.830820088609238,45.7247445981825,Q4,0.0,512.0,2,13.95,storage_gb=512; screen_size_inch=13.95; ram_missing=1; no_info_model=1; no_info_gpu=1; storage_ssd=1; condition_score=2; cpu_tier_encoded=6; brand_Lenovo=1; cpu_brand_AMD=1; cpu_family_ord_filled=-1; gpu_tier_ord_filled=-1; warranty_active=1; memory_storage_score=6.24028; brand_segment_business=1
6387,9.8,19.47454938877297,-9.674549388772974,9.674549388772974,98.7198917221732,Q3,8.0,512.0,3,15.6,ram_gb=8; storage_gb=512; screen_size_inch=15.6; no_info_model=1; no_info_gpu=1; storage_ssd=1; condition_score=3; cpu_tier_encoded=4; brand_Dell=1; cpu_brand_Intel=1; cpu_family_ord_filled=2; cpu_family_group_Intel Core i=1; cpu_intel_generation_ord=10; cpu_suffix_power_ord_filled=1; gpu_tier_ord_filled=-1; warranty_not_activated=1; ram_storage_product_scaled=0.5; ram_storage_balance=0.5; memory_storage_score=10.6347; brand_segment_business=1
7160,33.49,23.836147915215264,9.653852084784738,9.653852084784738,28.82607370792696,Q5_high,16.0,512.0,3,14.0,ram_gb=16; storage_gb=512; screen_size_inch=14; no_info_model=1; storage_ssd=1; condition_score=3; cpu_tier_encoded=4; brand_Dell=1; cpu_brand_Intel=1; cpu_family_ord_filled=2; cpu_family_group_Intel Core i=1; cpu_intel_generation_ord=13; cpu_suffix_power_ord_filled=3; gpu_tier_ord_filled=3; warranty_not_activated=1; ram_storage_product_scaled=1; ram_storage_balance=1; memory_storage_score=11.9067; is_mid_memory_storage=1; brand_segment_business=1
4071,9.89,19.36979149657111,-9.47979149657111,9.47979149657111,95.85229015744297,Q3,32.0,512.0,2,15.95,ram_gb=32; storage_gb=512; screen_size_inch=15.95; no_info_model=1; storage_ssd=1; condition_score=2; cpu_tier_encoded=6; brand_Dell=1; cpu_brand_Intel=1; cpu_family_ord_filled=3; cpu_family_group_Intel Core i=1; gpu_tier_ord_filled=2; warranty_active=1; ram_storage_product_scaled=2; ram_storage_balance=1; memory_storage_score=13.2333; is_mid_memory_storage=1; brand_segment_business=1
6701,35.19,25.7493307252698,9.4406692747302,9.4406692747302,26.827704673856783,Q5_high,8.0,512.0,3,13.0,ram_gb=8; storage_gb=512; screen_size_inch=13; no_info_model=1; storage_ssd=1; condition_score=3; cpu_tier_encoded=4; brand_Lenovo=1; cpu_brand_Intel=1; cpu_family_ord_filled=2; cpu_family_group_Intel Core i=1; cpu_intel_generation_ord=11; cpu_suffix_power_ord_filled=1; warranty_not_activated=1; ram_storage_product_scaled=0.5; ram_storage_balance=0.5; memory_storage_score=10.6347; brand_segment_business=1
1597,47.7,38.31810921763268,9.38189078236732,9.38189078236732,19.66853413494197,Q5_high,32.0,1024.0,2,13.95,ram_gb=32; storage_gb=1024; screen_size_inch=13.95; no_info_model=1; no_info_gpu=1; no_info_storage=1; condition_score=2; cpu_tier_encoded=5; brand_Apple=1; cpu_brand_Apple=1; cpu_family_ord_filled=4; cpu_family_group_Apple Silicon=1; gpu_tier_ord_filled=-1; warranty_active=1; ram_storage_product_scaled=4; ram_storage_balance=2; memory_storage_score=13.9255; is_mid_memory_storage=1; is_premium_memory_storage=1; brand_segment_premium=1
2819,5.25,14.616781750894315,-9.366781750894315,9.366781750894315,178.41489049322504,Q2,16.0,512.0,2,17.95,ram_gb=16; storage_gb=512; screen_size_inch=17.95; no_info_model=1; storage_ssd=1; condition_score=2; cpu_tier_encoded=5; brand_MSI=1; cpu_brand_Intel=1; cpu_family_ord_filled=2; cpu_family_group_Intel Core i=1; gpu_tier_ord_filled=2; warranty_active=1; ram_storage_product_scaled=1; ram_storage_balance=1; memory_storage_score=11.9067; is_mid_memory_storage=1; brand_segment_gaming_value=1
3804,24.999,15.644648035351889,9.354351964648112,9.354351964648112,37.41890461477704,Q5_high,16.0,512.0,3,15.95,ram_gb=16; storage_gb=512; screen_size_inch=15.95; no_info_model=1; no_info_cpu_brand=1; no_info_cpu_tier=1; no_info_gpu=1; storage_ssd=1; condition_score=3; brand_ASUS=1; cpu_family_ord_filled=-1; gpu_tier_ord_filled=-1; warranty_active=1; ram_storage_product_scaled=1; ram_storage_balance=1; memory_storage_score=11.9067; is_mid_memory_storage=1; brand_segment_gaming_value=1
6811,37.99,47.20526368776344,-9.21526368776344,9.21526368776344,24.25707735657657,Q5_high,16.0,1024.0,3,13.4,ram_gb=16; storage_gb=1024; screen_size_inch=13.4; no_info_model=1; storage_ssd=1; condition_score=3; cpu_tier_encoded=6; brand_Dell=1; cpu_brand_Intel=1; cpu_family_ord_filled=3; cpu_family_group_Intel Core Ultra=1; cpu_intel_generation_ord=15; cpu_suffix_power_ord_filled=1; warranty_not_activated=1; ram_storage_product_scaled=2; ram_storage_balance=1; memory_storage_score=12.5989; is_mid_memory_storage=1; brand_segment_business=1
6120,19.49,28.68853731558921,-9.19853731558921,9.19853731558921,47.19618940784613,Q4,24.0,512.0,3,16.0,ram_gb=24; storage_gb=512; screen_size_inch=16; no_info_model=1; storage_ssd=1; condition_score=3; cpu_tier_encoded=6; brand_Lenovo=1; cpu_brand_Intel=1; cpu_family_ord_filled=3; cpu_family_group_Intel Core i=1; cpu_intel_generation_ord=13; warranty_not_activated=1; ram_storage_product_scaled=1.5; ram_storage_balance=1; memory_storage_score=12.678; is_mid_memory_storage=1; brand_segment_business=1
