sample_index,actual_price,predicted_price,residual,abs_error,ape_pct,model_label,ram_gb,storage_gb,condition_score,screen_size_inch,price_segment,feature__ram_gb,feature__storage_gb,feature__screen_size_inch,feature__brand_is_rare,feature__model_is_rare,feature__ram_missing,feature__storage_missing,feature__screen_missing,feature__no_info_brand,feature__no_info_model,feature__no_info_cpu_brand,feature__no_info_cpu_tier,feature__no_info_gpu,feature__storage_ssd,feature__storage_hdd,feature__no_info_storage,feature__condition_score,feature__cpu_tier_encoded,feature__brand_ASUS,feature__brand_Acer,feature__brand_Apple,feature__brand_Dell,feature__brand_HP,feature__brand_LG,feature__brand_Lenovo,feature__brand_MSI,feature__brand_Microsoft,feature__model_Aspire,feature__model_Elitebook,feature__model_Elitebook 800,feature__model_Gaming Thin GF,feature__model_IdeaPad,feature__model_Inspiron,feature__model_Latitude,feature__model_Latitude 14 7000,feature__model_Latitude E Series,feature__model_Legion,feature__model_Legion 5,feature__model_MacBook Air,feature__model_MacBook Air M1,feature__model_MacBook Air M2,feature__model_MacBook Pro,feature__model_MacBook Pro M1,feature__model_MacBook Pro M2,feature__model_Macbook air m4,feature__model_Nitro 5,feature__model_Pavilion 15,feature__model_Precision,feature__model_ProBook,feature__model_ROG Strix,feature__model_TUF Gaming,feature__model_TUF Gaming F15,feature__model_ThinkPad,feature__model_ThinkPad X1 Carbon,feature__model_Vivobook 15,feature__model_Vostro,feature__model_X Series,feature__model_XPS 13,feature__cpu_brand_AMD,feature__cpu_brand_Apple,feature__cpu_brand_Intel,feature__cpu_brand_Qualcomm,feature__cpu_family_ord_filled,feature__cpu_family_group_AMD Ryzen,feature__cpu_family_group_Apple Silicon,feature__cpu_family_group_Intel Core Ultra,feature__cpu_family_group_Intel Core i,feature__cpu_family_group_Intel Low End,feature__cpu_intel_generation_ord,feature__cpu_amd_generation_ord,feature__cpu_apple_core_spec,feature__cpu_suffix_power_ord_filled,feature__gpu_tier_ord_filled,feature__warranty_expired,feature__warranty_active,feature__warranty_not_activated,feature__ram_storage_product_scaled,feature__ram_storage_balance,feature__memory_storage_score,feature__is_entry_memory_storage,feature__is_mid_memory_storage,feature__is_premium_memory_storage,feature__brand_segment_premium,feature__brand_segment_business,feature__brand_segment_gaming_value,feature__brand_segment_rare
6739,76.9,24.71054523690461,52.1894547630954,52.1894547630954,67.86665118738023,CatBoost_tuned,16.0,512.0,3,15.6,Q5_high,16.0,512.0,15.6,0,0,0,0,0,0,1,0,0,1,1,0,0,3,6,0,0,0,1,0,0,0,0,0,0,0,0,0,0,0,0,0,0,0,0,0,0,0,0,0,0,0,0,0,0,0,0,0,0,0,0,0,0,0,0,0,0,1,0,3,0,0,0,1,0,10,0,0,3,-1,0,0,1,1.0,1.0,11.906702533283202,0,1,0,0,1,0,0
6262,110.99,71.04566659741151,39.94433340258848,39.94433340258848,35.98912821208081,CatBoost_tuned,128.0,512.0,3,14.0,Q5_high,128.0,512.0,14.0,0,0,0,0,0,0,1,0,0,0,1,0,0,3,8,0,0,1,0,0,0,0,0,0,0,0,0,0,0,0,0,0,0,0,0,0,0,0,0,0,0,0,0,0,0,0,0,0,0,0,0,0,0,0,0,0,1,0,0,3,0,1,0,0,0,0,0,1,0,1,0,0,1,8.0,1.0,15.959900653894111,0,1,0,1,0,0,0
5967,153.29,118.1294049706252,35.160595029374804,35.160595029374804,22.93730512712819,CatBoost_tuned,64.0,6144.0,3,18.0,Q5_high,64.0,6144.0,18.0,0,0,0,0,0,0,1,0,0,0,1,0,0,3,8,0,0,0,0,0,0,0,1,0,0,0,0,0,0,0,0,0,0,0,0,0,0,0,0,0,0,0,0,0,0,0,0,0,0,0,0,0,0,0,0,0,0,1,0,4,0,0,1,0,0,15,0,0,4,5,0,0,1,48.0,4.0,17.072168561791408,0,1,1,0,0,1,0
6501,58.899,26.890328310939225,32.008671689060776,32.008671689060776,54.34501721431735,CatBoost_tuned,16.0,512.0,3,14.0,Q5_high,16.0,512.0,14.0,0,0,0,0,0,0,1,0,0,0,1,0,0,3,6,0,0,0,0,0,0,1,0,0,0,0,0,0,0,0,0,0,0,0,0,0,0,0,0,0,0,0,0,0,0,0,0,0,0,0,0,0,0,0,0,0,0,1,0,3,0,0,0,1,0,13,0,0,0,0,0,0,1,1.0,1.0,11.906702533283202,0,1,0,0,1,0,0
7029,73.99,43.004581711906745,30.98541828809325,30.98541828809325,41.87784604418604,CatBoost_tuned,32.0,1024.0,3,16.0,Q5_high,32.0,1024.0,16.0,0,0,0,0,0,0,1,0,0,0,1,0,0,3,8,0,0,0,1,0,0,0,0,0,0,0,0,0,0,0,0,0,0,0,0,0,0,0,0,0,0,0,0,0,0,0,0,0,0,0,0,0,0,0,0,0,0,1,0,4,0,0,0,1,0,13,0,0,4,4,0,0,1,4.0,2.0,13.92546301450547,0,1,1,0,1,0,0
3296,51.0,23.72865405612272,27.27134594387728,27.27134594387728,53.47322734093584,CatBoost_tuned,32.0,1024.0,2,13.95,Q5_high,32.0,1024.0,13.95,0,1,0,0,0,0,0,0,1,0,1,0,0,2,0,0,0,0,0,0,0,1,0,0,0,0,0,0,0,0,0,0,0,0,0,0,0,0,0,0,0,0,0,0,0,0,0,0,0,0,1,0,0,0,0,0,0,1,0,-1,0,0,0,0,0,0,0,0,0,0,0,1,0,4.0,2.0,13.92546301450547,0,1,1,0,1,0,0
6278,62.99,35.9927704171332,26.9972295828668,26.9972295828668,42.85954847256199,CatBoost_tuned,16.0,1024.0,3,14.0,Q5_high,16.0,1024.0,14.0,0,0,0,0,0,0,1,0,0,0,1,0,0,3,6,0,0,0,0,0,0,1,0,0,0,0,0,0,0,0,0,0,0,0,0,0,0,0,0,0,0,0,0,0,0,0,0,0,0,0,0,0,0,0,0,0,0,1,0,3,0,0,1,0,0,15,0,0,1,0,0,0,1,2.0,1.0,12.598874579684942,0,1,0,0,1,0,0
5499,62.9,37.50978539310836,25.39021460689164,25.39021460689164,40.36600096485157,CatBoost_tuned,32.0,512.0,3,17.3,Q5_high,32.0,512.0,17.3,0,0,0,0,0,0,1,0,0,0,1,0,0,3,6,0,0,0,0,1,0,0,0,0,0,0,0,0,0,0,0,0,0,0,0,0,0,0,0,0,0,0,0,0,0,0,0,0,0,0,0,0,0,0,0,0,0,1,0,3,0,0,0,1,0,10,0,0,3,0,0,0,1,2.0,1.0,13.23329096810373,0,1,0,0,1,0,0
5907,51.9,27.59003096174447,24.309969038255527,24.309969038255527,46.84001741475053,CatBoost_tuned,16.0,512.0,3,13.3,Q5_high,16.0,512.0,13.3,0,0,0,0,0,0,1,0,0,0,1,0,0,3,6,0,0,0,1,0,0,0,0,0,0,0,0,0,0,0,0,0,0,0,0,0,0,0,0,0,0,0,0,0,0,0,0,0,0,0,0,0,0,0,0,0,0,1,0,3,0,0,0,1,0,10,0,0,1,0,0,0,1,1.0,1.0,11.906702533283202,0,1,0,0,1,0,0
5993,47.3,25.346381472566577,21.95361852743342,21.95361852743342,46.41356982544064,CatBoost_tuned,16.0,512.0,3,16.0,Q5_high,16.0,512.0,16.0,0,0,0,0,0,0,1,0,0,0,1,0,0,3,6,0,0,0,1,0,0,0,0,0,0,0,0,0,0,0,0,0,0,0,0,0,0,0,0,0,0,0,0,0,0,0,0,0,0,0,0,0,0,0,0,0,0,1,0,3,0,0,0,1,0,12,0,0,1,0,0,0,1,1.0,1.0,11.906702533283202,0,1,0,0,1,0,0
5715,55.19,33.41852249900802,21.771477500991978,21.771477500991978,39.44822884760279,CatBoost_tuned,16.0,512.0,3,14.0,Q5_high,16.0,512.0,14.0,0,0,0,0,0,0,1,0,0,0,1,0,0,3,6,0,0,0,0,0,0,1,0,0,0,0,0,0,0,0,0,0,0,0,0,0,0,0,0,0,0,0,0,0,0,0,0,0,0,0,0,0,0,0,0,0,0,1,0,3,0,0,1,0,0,15,0,0,1,0,0,0,1,1.0,1.0,11.906702533283202,0,1,0,0,1,0,0
268,36.99,17.192459413837184,19.797540586162818,19.797540586162818,53.52133167386541,CatBoost_tuned,16.0,512.0,2,0.0,Q5_high,16.0,512.0,0.0,0,0,0,0,1,0,1,1,1,1,0,0,1,2,0,0,0,1,0,0,0,0,0,0,0,0,0,0,0,0,0,0,0,0,0,0,0,0,0,0,0,0,0,0,0,0,0,0,0,0,0,0,0,0,0,0,0,0,0,-1,0,0,0,0,0,0,0,0,0,-1,0,1,0,1.0,1.0,11.906702533283202,0,1,0,1,0,0,0
7248,48.99,29.91973677903335,19.07026322096665,19.07026322096665,38.92684878743958,CatBoost_tuned,16.0,512.0,3,16.0,Q5_high,16.0,512.0,16.0,0,0,0,0,0,0,1,0,0,1,1,0,0,3,6,0,0,0,1,0,0,0,0,0,0,0,0,0,0,0,0,0,0,0,0,0,0,0,0,0,0,0,0,0,0,0,0,0,0,0,0,0,0,0,0,0,0,1,0,3,0,0,1,0,0,15,0,0,3,-1,0,0,1,1.0,1.0,11.906702533283202,0,1,0,0,1,0,0
7215,131.69,112.98035018869057,18.709649811309447,18.709649811309447,14.207342859221995,CatBoost_tuned,64.0,4096.0,3,18.0,Q5_high,64.0,4096.0,18.0,0,0,0,0,0,0,1,0,0,0,1,0,0,3,8,0,0,0,0,0,0,0,1,0,0,0,0,0,0,0,0,0,0,0,0,0,0,0,0,0,0,0,0,0,0,0,0,0,0,0,0,0,0,0,0,0,0,1,0,4,0,0,1,0,0,15,0,0,4,5,0,0,1,32.0,4.0,16.666784817338147,0,1,1,0,0,1,0
3,37.5,19.515496428178604,17.984503571821396,17.984503571821396,47.95867619152372,CatBoost_tuned,32.0,512.0,2,13.95,Q5_high,32.0,512.0,13.95,0,0,0,0,0,0,1,0,1,0,1,0,0,2,0,0,0,0,1,0,0,0,0,0,0,0,0,0,0,0,0,0,0,0,0,0,0,0,0,0,0,0,0,0,0,0,0,0,0,0,0,0,0,0,0,0,0,1,0,-1,0,0,0,0,0,0,0,0,0,0,0,1,0,2.0,1.0,13.23329096810373,0,1,0,0,1,0,0
5683,80.49,63.10293080987527,17.387069190124727,17.387069190124727,21.601527133960403,CatBoost_tuned,64.0,1024.0,3,16.0,Q5_high,64.0,1024.0,16.0,0,0,0,0,0,0,1,0,0,0,1,0,0,3,6,0,0,0,0,0,0,1,0,0,0,0,0,0,0,0,0,0,0,0,0,0,0,0,0,0,0,0,0,0,0,0,0,0,0,0,0,0,0,0,0,0,0,1,0,3,0,0,1,0,0,15,0,0,3,3,0,0,1,8.0,2.0,15.281222431363783,0,1,1,0,1,0,0
6787,34.59,17.225177771215606,17.364822228784398,17.364822228784398,50.20185668917142,CatBoost_tuned,8.0,0.0,3,0.0,Q5_high,8.0,0.0,0.0,0,0,0,1,1,1,1,0,0,0,0,0,1,3,4,0,0,0,0,0,0,0,0,0,0,0,0,0,0,0,0,0,0,0,0,0,0,0,0,0,0,0,0,0,0,0,0,0,0,0,0,0,0,0,0,0,0,1,0,2,0,0,0,1,0,8,0,0,1,0,0,0,1,0.0,0.0,4.394449154672439,1,0,0,0,0,0,0
7182,57.28,40.164494317814544,17.115505682185457,17.115505682185457,29.88042193118969,CatBoost_tuned,16.0,512.0,3,13.4,Q5_high,16.0,512.0,13.4,0,0,0,0,0,0,1,0,0,0,1,0,0,3,6,0,0,0,1,0,0,0,0,0,0,0,0,0,0,0,0,0,0,0,0,0,0,0,0,0,0,0,0,0,0,0,0,0,0,0,0,0,0,0,0,0,0,1,0,3,0,0,0,1,0,10,0,0,1,0,0,0,1,1.0,1.0,11.906702533283202,0,1,0,0,1,0,0
6971,61.99,45.3004381368894,16.689561863110605,16.689561863110605,26.92299058414358,CatBoost_tuned,64.0,1024.0,3,14.0,Q5_high,64.0,1024.0,14.0,0,0,0,0,0,0,1,0,0,1,1,0,0,3,6,0,0,0,0,0,0,1,0,0,0,0,0,0,0,0,0,0,0,0,0,0,0,0,0,0,0,0,0,0,0,0,0,0,0,0,0,0,0,0,0,0,0,1,0,3,0,0,1,0,0,14,0,0,1,-1,0,0,1,8.0,2.0,15.281222431363783,0,1,1,0,1,0,0
5871,65.0,48.44267014492839,16.557329855071607,16.557329855071607,25.472815161648622,CatBoost_tuned,32.0,512.0,3,13.0,Q5_high,32.0,512.0,13.0,0,0,0,0,0,0,1,0,0,0,1,0,0,3,6,0,0,0,0,0,0,0,0,1,0,0,0,0,0,0,0,0,0,0,0,0,0,0,0,0,0,0,0,0,0,0,0,0,0,0,0,0,0,0,0,0,0,1,0,3,0,0,1,0,0,15,0,0,1,0,0,0,1,2.0,1.0,13.23329096810373,0,1,0,1,0,0,0
283,20.5,4.240012818536153,16.25998718146385,16.25998718146385,79.31701064128707,CatBoost_tuned,0.0,0.0,2,13.95,Q4,0.0,0.0,13.95,0,0,1,1,0,0,0,1,1,1,0,0,1,2,0,0,0,1,0,0,0,0,0,0,0,0,0,0,0,0,0,0,0,0,0,0,0,0,1,0,0,0,0,0,0,0,0,0,0,0,0,0,0,0,0,0,0,0,0,-1,0,0,0,0,0,0,0,0,0,-1,0,1,0,0.0,0.0,0.0,1,0,0,1,0,0,0
1788,34.29,18.288651488862328,16.00134851113767,16.00134851113767,46.6647667283105,CatBoost_tuned,16.0,512.0,2,15.95,Q5_high,16.0,512.0,15.95,0,0,0,0,0,0,1,0,0,0,1,0,0,2,6,0,0,0,0,0,0,1,0,0,0,0,0,0,0,0,0,0,0,0,0,0,0,0,0,0,0,0,0,0,0,0,0,0,0,0,0,0,0,0,0,0,0,1,0,3,0,0,0,1,0,0,0,0,0,2,0,1,0,1.0,1.0,11.906702533283202,0,1,0,0,1,0,0
5619,44.5,28.701508576429568,15.798491423570432,15.798491423570432,35.5022279181358,CatBoost_tuned,16.0,512.0,3,15.4,Q5_high,16.0,512.0,15.4,0,0,0,0,0,0,1,1,1,0,1,0,0,3,0,0,0,1,0,0,0,0,0,0,0,0,0,0,0,0,0,0,0,0,0,0,0,0,0,0,0,0,0,0,0,0,0,0,0,0,0,0,0,0,0,0,0,0,0,-1,0,0,0,0,0,0,0,0,0,0,0,0,1,1.0,1.0,11.906702533283202,0,1,0,1,0,0,0
738,36.5,21.66520641690093,14.83479358309907,14.83479358309907,40.64327009068239,CatBoost_tuned,32.0,512.0,2,15.95,Q5_high,32.0,512.0,15.95,0,0,0,0,0,0,0,0,1,0,1,0,0,2,0,0,0,0,1,0,0,0,0,0,0,0,0,0,0,0,0,0,0,0,0,0,0,0,0,0,0,0,0,0,1,0,0,0,0,0,0,0,0,0,0,0,0,1,0,-1,0,0,0,0,0,0,0,0,0,2,0,1,0,2.0,1.0,13.23329096810373,0,1,0,0,1,0,0
7004,57.99,43.64655361431456,14.343446385685446,14.343446385685446,24.73434451747792,CatBoost_tuned,16.0,1024.0,3,16.0,Q5_high,16.0,1024.0,16.0,0,0,0,0,0,0,1,0,0,0,1,0,0,3,8,0,0,0,0,0,0,0,1,0,0,0,0,0,0,0,0,0,0,0,0,0,0,0,0,0,0,0,0,0,0,0,0,0,0,0,0,0,0,0,0,0,0,1,0,4,0,0,0,1,0,13,0,0,4,4,0,0,1,2.0,1.0,12.598874579684942,0,1,0,0,0,1,0
6136,45.5,31.615951889561664,13.884048110438336,13.884048110438336,30.51439145151282,CatBoost_tuned,16.0,0.0,3,0.0,Q5_high,16.0,0.0,0.0,0,0,0,1,1,1,1,1,1,0,0,0,1,3,0,0,0,0,0,0,0,0,0,0,0,0,0,0,0,0,0,0,0,0,0,0,0,0,0,0,0,0,0,0,0,0,0,0,0,0,0,0,0,0,0,0,0,0,0,-1,0,0,0,0,0,10,0,0,1,2,0,0,1,0.0,0.0,5.666426688112432,0,0,0,0,0,0,0
6030,128.96,115.1752359186076,13.78476408139241,13.78476408139241,10.689178102816694,CatBoost_tuned,64.0,2048.0,3,18.0,Q5_high,64.0,2048.0,18.0,0,0,0,0,0,0,1,0,0,0,1,0,0,3,8,0,0,0,0,0,0,0,1,0,0,0,0,0,0,0,0,0,0,0,0,0,0,0,0,0,0,0,0,0,0,0,0,0,0,0,0,0,0,0,0,0,0,1,0,4,0,0,1,0,0,15,0,0,4,5,0,0,1,16.0,4.0,15.973881688030174,0,1,1,0,0,1,0
3480,30.8,17.174955881499713,13.625044118500288,13.625044118500288,44.23715622889704,CatBoost_tuned,16.0,1024.0,2,15.95,Q5_high,16.0,1024.0,15.95,0,0,0,0,0,0,1,0,0,0,1,0,0,2,6,0,0,0,1,0,0,0,0,0,0,0,0,0,0,0,0,0,0,0,0,0,0,0,0,0,0,0,0,0,0,0,0,0,0,0,0,0,0,0,0,0,0,1,0,-1,0,0,0,0,0,0,0,0,0,2,0,1,0,2.0,1.0,12.598874579684942,0,1,0,0,1,0,0
2835,32.0,18.41166931305076,13.588330686949242,13.588330686949242,42.46353339671638,CatBoost_tuned,16.0,512.0,3,17.95,Q5_high,16.0,512.0,17.95,0,0,0,0,0,0,0,0,0,0,1,0,0,3,6,0,0,0,1,0,0,0,0,0,0,0,0,0,0,0,0,0,0,0,0,0,0,0,0,0,0,0,0,0,1,0,0,0,0,0,0,0,0,0,0,0,0,1,0,3,0,0,0,1,0,0,0,0,0,2,0,1,0,1.0,1.0,11.906702533283202,0,1,0,0,1,0,0
4106,39.9,26.381201589540357,13.518798410459643,13.518798410459643,33.88170027684122,CatBoost_tuned,32.0,1024.0,2,15.95,Q5_high,32.0,1024.0,15.95,0,0,0,0,0,0,1,1,1,1,1,0,0,2,0,0,0,0,0,0,0,0,0,1,0,0,0,0,0,0,0,0,0,0,0,0,0,0,0,0,0,0,0,0,0,0,0,0,0,0,0,0,0,0,0,0,0,0,0,-1,0,0,0,0,0,0,0,0,0,-1,0,1,0,4.0,2.0,13.92546301450547,0,1,1,1,0,0,0
5571,37.99,24.501763997853494,13.488236002146504,13.488236002146504,35.50470124281785,CatBoost_tuned,16.0,1024.0,3,16.0,Q5_high,16.0,1024.0,16.0,0,0,0,0,0,0,1,0,0,0,1,0,0,3,6,0,1,0,0,0,0,0,0,0,0,0,0,0,0,0,0,0,0,0,0,0,0,0,0,0,0,0,0,0,0,0,0,0,0,0,0,0,0,0,0,1,0,0,0,3,1,0,0,0,0,0,6,0,1,0,0,0,1,2.0,1.0,12.598874579684942,0,1,0,0,0,1,0
1146,22.2,8.955802251739822,13.244197748260175,13.244197748260175,59.65854841558639,CatBoost_tuned,16.0,500.0,2,0.0,Q5_high,16.0,500.0,0.0,0,0,0,0,1,0,1,0,0,1,1,0,0,2,6,0,1,0,0,0,0,0,0,0,0,0,0,0,0,0,0,0,0,0,0,0,0,0,0,0,0,0,0,0,0,0,0,0,0,0,0,0,0,0,0,0,0,1,0,3,0,0,0,1,0,0,0,0,0,-1,0,1,0,0.9765625,0.9765625,11.883032789197298,0,0,0,0,0,1,0
6647,52.718,39.68188933335613,13.036110666643872,13.036110666643872,24.7280068793275,CatBoost_tuned,8.0,2048.0,3,15.6,Q5_high,8.0,2048.0,15.6,0,0,0,0,0,0,1,0,0,0,1,0,0,3,6,0,0,0,0,0,0,0,1,0,0,0,0,0,0,0,0,0,0,0,0,0,0,0,0,0,0,0,0,0,0,0,0,0,0,0,0,0,0,0,0,0,0,1,0,3,0,0,0,1,0,10,0,0,3,3,0,0,1,2.0,0.5,12.01955630291134,0,0,0,0,0,1,0
5874,27.299,14.532321984746217,12.766678015253785,12.766678015253785,46.76610137826947,CatBoost_tuned,8.0,256.0,3,14.0,Q5_high,8.0,256.0,14.0,0,0,0,0,0,0,1,0,0,1,1,0,0,3,4,0,0,0,0,1,0,0,0,0,0,0,0,0,0,0,0,0,0,0,0,0,0,0,0,0,0,0,0,0,0,0,0,0,0,0,0,0,0,0,0,0,0,1,0,2,0,0,0,1,0,6,0,0,1,-1,0,0,1,0.25,0.5,9.94352523956766,1,0,0,0,1,0,0
6863,44.39,31.63695345388723,12.75304654611277,12.75304654611277,28.729548425575064,CatBoost_tuned,16.0,512.0,3,13.3,Q5_high,16.0,512.0,13.3,0,0,0,0,0,0,1,0,0,1,1,0,0,3,6,0,0,0,0,1,0,0,0,0,0,0,0,0,0,0,0,0,0,0,0,0,0,0,0,0,0,0,0,0,0,0,0,0,0,0,0,0,0,0,0,0,0,1,0,3,0,0,1,0,0,14,0,0,1,-1,0,0,1,1.0,1.0,11.906702533283202,0,1,0,0,1,0,0
6848,42.499,30.016853557778745,12.482146442221255,12.482146442221255,29.37044740398893,CatBoost_tuned,16.0,1024.0,3,15.3,Q5_high,16.0,1024.0,15.3,0,0,0,0,0,0,1,1,1,0,1,0,0,3,0,0,0,0,0,0,0,1,0,0,0,0,0,0,0,0,0,0,0,0,0,0,0,0,0,0,0,0,0,0,0,0,0,0,0,0,0,0,0,0,0,0,0,0,0,2,0,0,1,0,0,15,0,0,1,0,0,0,1,2.0,1.0,12.598874579684942,0,1,0,0,1,0,0
5641,44.69,32.348834714561605,12.341165285438391,12.341165285438391,27.61504874790421,CatBoost_tuned,16.0,512.0,3,16.0,Q5_high,16.0,512.0,16.0,1,0,0,0,0,0,1,0,0,0,1,0,0,3,6,0,0,0,0,0,1,0,0,0,0,0,0,0,0,0,0,0,0,0,0,0,0,0,0,0,0,0,0,0,0,0,0,0,0,0,0,0,0,0,0,0,0,1,0,3,0,0,1,0,0,14,0,0,3,0,0,0,1,1.0,1.0,11.906702533283202,0,1,0,1,0,0,1
5517,51.999,39.97401690242211,12.024983097577897,12.024983097577897,23.12541221480777,CatBoost_tuned,32.0,1024.0,3,15.6,Q5_high,32.0,1024.0,15.6,0,0,0,0,0,0,1,0,0,0,1,0,0,3,6,0,0,0,1,0,0,0,0,0,0,0,0,0,0,0,0,0,0,0,0,0,0,0,0,0,0,0,0,0,0,0,0,0,0,0,0,0,0,0,0,0,0,1,0,3,0,0,0,1,0,13,0,0,3,3,0,0,1,4.0,2.0,13.92546301450547,0,1,1,0,1,0,0
5627,44.439,32.515788702775694,11.923211297224306,11.923211297224306,26.830512156493857,CatBoost_tuned,16.0,256.0,3,12.3,Q5_high,16.0,256.0,12.3,0,0,0,0,0,0,1,1,1,0,1,0,0,3,0,0,0,0,0,0,0,0,0,1,0,0,0,0,0,0,0,0,0,0,0,0,0,0,0,0,0,0,0,0,0,0,0,0,0,0,0,0,0,0,0,0,0,0,0,-1,0,0,0,0,0,11,0,0,1,0,0,0,1,0.5,0.5,11.215502773007652,0,0,0,1,0,0,0
5988,30.132,18.21372495842329,11.918275041576711,11.918275041576711,39.55354786133251,CatBoost_tuned,16.0,512.0,3,14.0,Q5_high,16.0,512.0,14.0,0,0,0,0,0,0,1,0,0,0,1,0,0,3,4,0,0,0,0,1,0,0,0,0,0,0,0,0,0,0,0,0,0,0,0,0,0,0,0,0,0,0,0,0,0,0,0,0,0,0,0,0,0,0,0,1,0,0,0,2,1,0,0,0,0,0,8,0,1,0,0,0,1,1.0,1.0,11.906702533283202,0,1,0,0,1,0,0
6828,50.0489,38.13549634153584,11.91340365846417,11.91340365846417,23.803527467065543,CatBoost_tuned,16.0,512.0,3,15.4,Q5_high,16.0,512.0,15.4,0,0,0,0,0,0,1,0,0,0,1,0,0,3,8,0,0,1,0,0,0,0,0,0,0,0,0,0,0,0,0,0,0,0,0,0,0,0,0,0,0,0,0,0,0,0,0,0,0,0,0,0,0,0,0,0,0,1,0,4,0,0,0,1,0,9,0,0,3,0,0,0,1,1.0,1.0,11.906702533283202,0,1,0,1,0,0,0
1747,41.0,29.10286546886355,11.897134531136452,11.897134531136452,29.01740129545476,CatBoost_tuned,16.0,1025.0,2,15.95,Q5_high,16.0,1025.0,15.95,0,0,0,0,0,0,0,0,0,1,1,0,0,2,6,0,0,1,0,0,0,0,0,0,0,0,0,0,0,0,0,0,0,0,0,0,0,0,1,0,0,0,0,0,0,0,0,0,0,0,0,0,0,0,0,0,1,0,0,3,0,1,0,0,0,0,0,0,0,-1,0,1,0,2.001953125,1.0,12.599849713843147,0,1,0,1,0,0,0
5591,36.35,24.548298947510432,11.80170105248957,11.80170105248957,32.466852964207895,CatBoost_tuned,16.0,1024.0,3,16.1,Q5_high,16.0,1024.0,16.1,0,0,0,0,0,0,1,0,0,1,1,0,0,3,4,0,0,0,0,1,0,0,0,0,0,0,0,0,0,0,0,0,0,0,0,0,0,0,0,0,0,0,0,0,0,0,0,0,0,0,0,0,0,0,0,0,0,1,0,2,0,0,0,1,0,11,0,0,3,-1,0,0,1,2.0,1.0,12.598874579684942,0,1,0,0,1,0,0
5572,63.0,51.618541677156,11.381458322843995,11.381458322843995,18.065806861657137,CatBoost_tuned,32.0,1024.0,3,16.3,Q5_high,32.0,1024.0,16.3,0,0,0,0,0,0,1,0,0,0,1,0,0,3,8,0,0,0,1,0,0,0,0,0,0,0,0,0,0,0,0,0,0,0,0,0,0,0,0,0,0,0,0,0,0,0,0,0,0,0,0,0,0,0,0,0,0,1,0,4,0,0,1,0,0,14,0,0,3,4,0,0,1,4.0,2.0,13.92546301450547,0,1,1,0,1,0,0
987,27.95,16.723998607284692,11.226001392715308,11.226001392715308,40.16458458932132,CatBoost_tuned,32.0,750.0,2,15.95,Q5_high,32.0,750.0,15.95,0,0,0,0,0,1,1,0,0,0,1,0,0,2,5,0,0,0,0,0,0,0,0,0,0,0,0,0,0,0,0,0,0,0,0,0,0,0,0,0,0,0,0,0,0,0,0,0,0,0,0,0,0,0,0,0,0,1,0,2,0,0,0,1,0,0,0,0,0,2,0,1,0,2.9296875,1.46484375,13.614420774697097,0,1,0,0,0,0,0
4651,23.5,12.487719906529396,11.012280093470604,11.012280093470604,46.86076635519406,CatBoost_tuned,16.0,512.0,2,13.95,Q5_high,16.0,512.0,13.95,0,0,0,0,0,0,1,0,0,0,1,0,0,2,6,0,0,0,0,1,0,0,0,0,0,0,0,0,0,0,0,0,0,0,0,0,0,0,0,0,0,0,0,0,0,0,0,0,0,0,0,0,0,0,0,0,0,1,0,3,0,0,0,1,0,0,0,0,0,0,0,1,0,1.0,1.0,11.906702533283202,0,1,0,0,1,0,0
7209,33.3,22.606670810184145,10.693329189815852,10.693329189815852,32.11209966911668,CatBoost_tuned,16.0,512.0,3,14.0,Q5_high,16.0,512.0,14.0,0,0,0,0,0,0,1,0,1,0,1,0,0,3,0,0,0,0,0,1,0,0,0,0,0,0,0,0,0,0,0,0,0,0,0,0,0,0,0,0,0,0,0,0,0,0,0,0,0,0,0,0,0,0,0,1,0,0,0,3,1,0,0,0,0,0,8,0,1,0,0,0,1,1.0,1.0,11.906702533283202,0,1,0,0,1,0,0
6080,94.99,84.50084854413663,10.489151455863365,10.489151455863365,11.042374414005018,CatBoost_tuned,64.0,2048.0,3,14.0,Q5_high,64.0,2048.0,14.0,0,0,0,0,0,0,1,0,1,0,1,0,0,3,0,1,0,0,0,0,0,0,0,0,0,0,0,0,0,0,0,0,0,0,0,0,0,0,0,0,0,0,0,0,0,0,0,0,0,0,0,0,0,0,0,1,0,0,0,3,1,0,0,0,0,0,9,0,4,5,0,0,1,16.0,4.0,15.973881688030174,0,1,1,0,0,1,0
6015,42.1,32.07767877443372,10.02232122556628,10.02232122556628,23.80598865930233,CatBoost_tuned,32.0,1024.0,3,16.0,Q5_high,32.0,1024.0,16.0,0,0,0,0,0,0,1,0,0,0,1,0,0,3,6,0,0,0,0,0,0,1,0,0,0,0,0,0,0,0,0,0,0,0,0,0,0,0,0,0,0,0,0,0,0,0,0,0,0,0,0,0,0,0,0,0,0,1,0,3,0,0,0,1,0,13,0,0,1,0,0,0,1,4.0,2.0,13.92546301450547,0,1,1,0,1,0,0
5353,21.5,11.669179911390762,9.830820088609238,9.830820088609238,45.7247445981825,CatBoost_tuned,0.0,512.0,2,13.95,Q4,0.0,512.0,13.95,0,0,1,0,0,0,1,0,0,1,1,0,0,2,6,0,0,0,0,0,0,1,0,0,0,0,0,0,0,0,0,0,0,0,0,0,0,0,0,0,0,0,0,0,0,0,0,0,0,0,0,0,0,0,0,1,0,0,0,-1,0,0,0,0,0,0,0,0,0,-1,0,1,0,0.0,0.0,6.240275845170769,0,0,0,0,1,0,0
7160,33.49,23.836147915215264,9.653852084784738,9.653852084784738,28.82607370792696,CatBoost_tuned,16.0,512.0,3,14.0,Q5_high,16.0,512.0,14.0,0,0,0,0,0,0,1,0,0,0,1,0,0,3,4,0,0,0,1,0,0,0,0,0,0,0,0,0,0,0,0,0,0,0,0,0,0,0,0,0,0,0,0,0,0,0,0,0,0,0,0,0,0,0,0,0,0,1,0,2,0,0,0,1,0,13,0,0,3,3,0,0,1,1.0,1.0,11.906702533283202,0,1,0,0,1,0,0
6701,35.19,25.7493307252698,9.4406692747302,9.4406692747302,26.827704673856783,CatBoost_tuned,8.0,512.0,3,13.0,Q5_high,8.0,512.0,13.0,0,0,0,0,0,0,1,0,0,0,1,0,0,3,4,0,0,0,0,0,0,1,0,0,0,0,0,0,0,0,0,0,0,0,0,0,0,0,0,0,0,0,0,0,0,0,0,0,0,0,0,0,0,0,0,0,0,1,0,2,0,0,0,1,0,11,0,0,1,0,0,0,1,0.5,0.5,10.634724999843208,0,0,0,0,1,0,0
1597,47.7,38.31810921763268,9.38189078236732,9.38189078236732,19.66853413494197,CatBoost_tuned,32.0,1024.0,2,13.95,Q5_high,32.0,1024.0,13.95,0,0,0,0,0,0,1,0,0,1,0,0,1,2,5,0,0,1,0,0,0,0,0,0,0,0,0,0,0,0,0,0,0,0,0,0,0,0,0,0,0,0,0,0,0,0,0,0,0,0,0,0,0,0,0,0,1,0,0,4,0,1,0,0,0,0,0,0,0,-1,0,1,0,4.0,2.0,13.92546301450547,0,1,1,1,0,0,0
3804,24.999,15.644648035351889,9.354351964648112,9.354351964648112,37.41890461477704,CatBoost_tuned,16.0,512.0,3,15.95,Q5_high,16.0,512.0,15.95,0,0,0,0,0,0,1,1,1,1,1,0,0,3,0,1,0,0,0,0,0,0,0,0,0,0,0,0,0,0,0,0,0,0,0,0,0,0,0,0,0,0,0,0,0,0,0,0,0,0,0,0,0,0,0,0,0,0,0,-1,0,0,0,0,0,0,0,0,0,-1,0,1,0,1.0,1.0,11.906702533283202,0,1,0,0,0,1,0
5631,38.489,29.32460536530268,9.164394634697317,9.164394634697317,23.81042540647281,CatBoost_tuned,32.0,1024.0,3,14.5,Q5_high,32.0,1024.0,14.5,0,0,0,0,0,0,1,0,1,0,1,0,0,3,0,0,0,0,0,0,0,1,0,0,0,0,0,0,0,0,0,0,0,0,0,0,0,0,0,0,0,0,0,0,0,0,0,0,0,0,0,0,0,0,0,1,0,0,0,3,1,0,0,0,0,0,9,0,0,0,0,0,1,4.0,2.0,13.92546301450547,0,1,1,0,1,0,0
6816,50.709,41.550638256405335,9.158361743594668,9.158361743594668,18.060623841122226,CatBoost_tuned,16.0,2048.0,3,13.4,Q5_high,16.0,2048.0,13.4,0,0,0,0,0,0,1,0,0,0,1,0,0,3,4,0,0,0,1,0,0,0,0,0,0,0,0,0,0,0,0,0,0,0,0,0,0,0,0,0,0,0,0,0,0,0,0,0,0,0,0,0,0,0,0,0,0,1,0,2,0,0,1,0,0,14,0,0,3,0,0,0,1,4.0,1.0,13.291533836351332,0,1,0,0,1,0,0
7151,51.49,42.33977707638621,9.15022292361379,9.15022292361379,17.770873807756434,CatBoost_tuned,32.0,512.0,3,13.8,Q5_high,32.0,512.0,13.8,0,0,0,0,0,0,1,0,0,0,1,0,0,3,6,0,0,0,0,0,0,0,0,1,0,0,0,0,0,0,0,0,0,0,0,0,0,0,0,0,0,0,0,0,0,0,0,0,0,0,0,0,0,0,0,0,0,1,0,3,0,0,1,0,0,15,0,0,1,0,0,0,1,2.0,1.0,13.23329096810373,0,1,0,1,0,0,0
6344,27.3,18.23470484622456,9.06529515377544,9.06529515377544,33.2062093544888,CatBoost_tuned,8.0,256.0,3,15.6,Q5_high,8.0,256.0,15.6,0,0,0,0,0,0,1,0,0,0,1,0,0,3,4,0,1,0,0,0,0,0,0,0,0,0,0,0,0,0,0,0,0,0,0,0,0,0,0,0,0,0,0,0,0,0,0,0,0,0,0,0,0,0,0,0,0,1,0,2,0,0,0,1,0,8,0,0,1,0,0,0,1,0.25,0.5,9.94352523956766,1,0,0,0,0,1,0
5843,24.59,15.563835678544558,9.02616432145544,9.02616432145544,36.70664628489403,CatBoost_tuned,8.0,256.0,3,14.0,Q5_high,8.0,256.0,14.0,0,0,0,0,0,0,1,0,0,0,1,0,0,3,4,0,0,0,0,0,0,0,1,0,0,0,0,0,0,0,0,0,0,0,0,0,0,0,0,0,0,0,0,0,0,0,0,0,0,0,0,0,0,0,0,0,0,1,0,2,0,0,0,1,0,11,0,0,1,0,0,0,1,0.25,0.5,9.94352523956766,1,0,0,0,0,1,0
350,44.8,36.13882950597588,8.66117049402412,8.66117049402412,19.33296985273241,CatBoost_tuned,32.0,512.0,2,15.95,Q5_high,32.0,512.0,15.95,0,0,0,0,0,0,1,0,0,1,1,0,0,2,6,0,0,1,0,0,0,0,0,0,0,0,0,0,0,0,0,0,0,0,0,0,0,0,0,0,0,0,0,0,0,0,0,0,0,0,0,0,0,0,0,0,1,0,0,3,0,1,0,0,0,0,0,0,0,-1,0,1,0,2.0,1.0,13.23329096810373,0,1,0,1,0,0,0
5836,32.039,23.600905462827345,8.43809453717266,8.43809453717266,26.33694727417416,CatBoost_tuned,8.0,256.0,3,14.0,Q5_high,8.0,256.0,14.0,0,0,0,0,0,0,1,0,0,1,1,0,0,3,6,0,0,0,1,0,0,0,0,0,0,0,0,0,0,0,0,0,0,0,0,0,0,0,0,0,0,0,0,0,0,0,0,0,0,0,0,0,0,0,0,0,0,1,0,3,0,0,0,1,0,7,0,0,1,-1,0,0,1,0.25,0.5,9.94352523956766,1,0,0,0,1,0,0
3396,37.99,29.644799967590416,8.345200032409586,8.345200032409586,21.96683346251536,CatBoost_tuned,16.0,1024.0,2,17.95,Q5_high,16.0,1024.0,17.95,0,0,0,0,0,0,1,0,1,0,1,0,0,2,0,0,1,0,0,0,0,0,0,0,0,0,0,0,0,0,0,0,0,0,0,0,0,0,0,0,0,0,0,0,0,0,0,0,0,0,0,0,0,0,0,0,0,1,0,-1,0,0,0,0,0,0,0,0,0,2,0,1,0,2.0,1.0,12.598874579684942,0,1,0,0,0,1,0
1265,15.0,6.751247071558934,8.248752928441066,8.248752928441066,54.9916861896071,CatBoost_tuned,16.0,480.0,2,0.0,Q4,16.0,480.0,0.0,0,0,0,0,1,0,1,0,0,1,0,0,1,2,5,0,0,0,1,0,0,0,0,0,0,0,0,0,0,0,0,0,0,0,0,0,0,0,0,0,0,0,0,0,0,0,0,0,0,0,0,0,0,0,0,0,0,1,0,2,0,0,0,1,0,0,0,0,0,-1,0,1,0,0.9375,0.9375,11.842293958218193,0,0,0,0,1,0,0
4181,48.0,39.7793040246394,8.220695975360599,8.220695975360599,17.12644994866791,CatBoost_tuned,32.0,1024.0,2,15.95,Q5_high,32.0,1024.0,15.95,0,0,0,0,0,0,1,0,0,0,1,0,0,2,7,0,1,0,0,0,0,0,0,0,0,0,0,0,0,0,0,0,0,0,0,0,0,0,0,0,0,0,0,0,0,0,0,0,0,0,0,0,0,0,0,0,0,1,0,4,0,0,0,1,0,0,0,0,0,2,0,1,0,4.0,2.0,13.92546301450547,0,1,1,0,0,1,0
5440,38.99,30.81983858193088,8.17016141806912,8.17016141806912,20.95450479114932,CatBoost_tuned,16.0,1024.0,3,16.0,Q5_high,16.0,1024.0,16.0,0,0,0,0,0,1,1,0,0,0,1,0,0,3,6,0,0,0,0,0,0,0,0,0,0,0,0,0,0,0,0,0,0,0,0,0,0,0,0,0,0,0,0,0,0,0,0,0,0,0,0,0,0,0,0,0,0,1,0,3,0,0,1,0,0,14,0,0,3,0,0,0,1,2.0,1.0,12.598874579684942,0,1,0,0,0,0,0
2599,22.9,14.74855685089333,8.151443149106669,8.151443149106669,35.59582161181952,CatBoost_tuned,16.0,512.0,2,15.95,Q5_high,16.0,512.0,15.95,0,0,0,0,0,0,1,0,0,0,1,0,0,2,5,0,1,0,0,0,0,0,0,0,0,0,0,0,0,0,0,0,0,0,0,0,0,0,0,0,0,0,0,0,0,0,0,0,0,0,0,0,0,0,0,0,0,1,0,-1,0,0,0,0,0,0,0,0,0,2,0,1,0,1.0,1.0,11.906702533283202,0,1,0,0,0,1,0
5666,40.5,32.44000633291799,8.059993667082011,8.059993667082011,19.90121893106669,CatBoost_tuned,16.0,256.0,3,13.8,Q5_high,16.0,256.0,13.8,0,0,0,0,0,0,1,0,0,0,1,0,0,3,4,0,0,0,0,0,0,0,0,1,0,0,0,0,0,0,0,0,0,0,0,0,0,0,0,0,0,0,0,0,0,0,0,0,0,0,0,0,0,0,0,0,0,1,0,2,0,0,1,0,0,15,0,0,1,0,0,0,1,0.5,0.5,11.215502773007652,0,0,0,1,0,0,0
1410,30.5,22.459943956130417,8.040056043869583,8.040056043869583,26.360839488096996,CatBoost_tuned,16.0,512.0,2,15.95,Q5_high,16.0,512.0,15.95,0,1,0,0,0,0,0,0,0,0,1,0,0,2,6,0,0,0,0,0,0,1,0,0,0,0,0,0,0,0,0,0,0,1,0,0,0,0,0,0,0,0,0,0,0,0,0,0,0,0,0,0,0,0,0,1,0,0,0,-1,0,0,0,0,0,0,0,0,0,2,0,1,0,1.0,1.0,11.906702533283202,0,1,0,0,1,0,0
6414,26.59,18.588030356036665,8.001969643963335,8.001969643963335,30.093906145029464,CatBoost_tuned,8.0,512.0,3,14.0,Q5_high,8.0,512.0,14.0,0,0,0,0,0,0,1,0,0,1,1,0,0,3,4,0,0,0,0,0,0,1,0,0,0,0,0,0,0,0,0,0,0,0,0,0,0,0,0,0,0,0,0,0,0,0,0,0,0,0,0,0,0,0,0,0,0,1,0,2,0,0,0,1,0,12,0,0,2,-1,0,0,1,0.5,0.5,10.634724999843208,0,0,0,0,1,0,0
1282,18.5,10.511602415876045,7.988397584123955,7.988397584123955,43.18052748175111,CatBoost_tuned,16.0,256.0,2,13.95,Q4,16.0,256.0,13.95,0,0,0,0,0,0,1,0,0,0,1,0,0,2,5,0,0,0,0,0,0,0,0,1,0,0,0,0,0,0,0,0,0,0,0,0,0,0,0,0,0,0,0,0,0,0,0,0,0,0,0,0,0,0,0,0,0,1,0,-1,0,0,0,0,0,0,0,0,0,0,0,1,0,0.5,0.5,11.215502773007652,0,0,0,1,0,0,0
6928,39.18,31.191643581351773,7.988356418648227,7.988356418648227,20.38886273263968,CatBoost_tuned,8.0,512.0,3,13.3,Q5_high,8.0,512.0,13.3,0,0,0,0,0,0,1,0,0,0,1,0,0,3,6,1,0,0,0,0,0,0,0,0,0,0,0,0,0,0,0,0,0,0,0,0,0,0,0,0,0,0,0,0,0,0,0,0,0,0,0,0,0,0,0,0,0,1,0,3,0,0,0,1,0,8,0,0,1,0,0,0,1,0.5,0.5,10.634724999843208,0,0,0,0,0,1,0
6196,37.87,29.92923771343452,7.940762286565477,7.940762286565477,20.968477123225448,CatBoost_tuned,8.0,512.0,3,13.4,Q5_high,8.0,512.0,13.4,0,0,0,0,0,0,1,0,0,0,1,0,0,3,4,0,0,0,1,0,0,0,0,0,0,0,0,0,0,0,0,0,0,0,0,0,0,0,0,0,0,0,0,0,0,0,0,0,0,0,0,0,0,0,0,0,0,1,0,2,0,0,0,1,0,11,0,0,1,0,0,0,1,0.5,0.5,10.634724999843208,0,0,0,0,1,0,0
3278,22.9,15.083456323564343,7.816543676435655,7.816543676435655,34.13337849971902,CatBoost_tuned,16.0,512.0,2,15.95,Q5_high,16.0,512.0,15.95,0,1,0,0,0,0,0,0,0,0,1,0,0,2,6,1,0,0,0,0,0,0,0,0,0,0,0,0,0,0,0,0,0,0,0,0,0,0,0,0,0,0,0,0,0,0,1,0,0,0,0,0,0,0,0,1,0,0,0,-1,0,0,0,0,0,0,0,0,0,2,0,1,0,1.0,1.0,11.906702533283202,0,1,0,0,0,1,0
4204,43.5,35.73938641005188,7.760613589948122,7.760613589948122,17.840491011374993,CatBoost_tuned,16.0,512.0,2,13.95,Q5_high,16.0,512.0,13.95,0,0,0,0,0,0,1,0,0,1,0,0,1,2,6,0,0,1,0,0,0,0,0,0,0,0,0,0,0,0,0,0,0,0,0,0,0,0,0,0,0,0,0,0,0,0,0,0,0,0,0,0,0,0,0,0,1,0,0,4,0,1,0,0,0,0,0,0,0,-1,0,1,0,1.0,1.0,11.906702533283202,0,1,0,1,0,0,0
5752,34.99,27.30977929456635,7.680220705433651,7.680220705433651,21.9497590895503,CatBoost_tuned,16.0,512.0,3,13.3,Q5_high,16.0,512.0,13.3,0,0,0,0,0,0,1,0,0,0,1,0,0,3,6,0,0,0,0,0,0,1,0,0,0,0,0,0,0,0,0,0,0,0,0,0,0,0,0,0,0,0,0,0,0,0,0,0,0,0,0,0,0,0,0,0,0,1,0,3,0,0,0,1,0,13,0,0,1,0,0,0,1,1.0,1.0,11.906702533283202,0,1,0,0,1,0,0
4974,26.9,19.36979149657111,7.530208503428888,7.530208503428888,27.99334016144568,CatBoost_tuned,32.0,512.0,2,15.95,Q5_high,32.0,512.0,15.95,0,0,0,0,0,0,1,0,0,0,1,0,0,2,6,0,0,0,1,0,0,0,0,0,0,0,0,0,0,0,0,0,0,0,0,0,0,0,0,0,0,0,0,0,0,0,0,0,0,0,0,0,0,0,0,0,0,1,0,3,0,0,0,1,0,0,0,0,0,2,0,1,0,2.0,1.0,13.23329096810373,0,1,0,0,1,0,0
1953,12.5,4.991781704189192,7.508218295810808,7.508218295810808,60.06574636648646,CatBoost_tuned,6.0,256.0,2,13.95,Q3,6.0,256.0,13.95,0,0,0,0,0,0,1,0,0,0,1,0,0,2,5,1,0,0,0,0,0,0,0,0,0,0,0,0,0,0,0,0,0,0,0,0,0,0,0,0,0,0,0,0,0,0,0,0,0,0,0,0,0,0,0,0,0,1,0,2,0,0,0,1,0,0,0,0,0,0,0,1,0,0.1875,0.375,9.440896383005846,1,0,0,0,0,1,0
7190,49.4,41.91116744782956,7.488832552170443,7.488832552170443,15.159580065122356,CatBoost_tuned,32.0,512.0,3,16.0,Q5_high,32.0,512.0,16.0,0,0,0,0,0,0,1,1,1,0,1,0,0,3,0,0,0,0,0,0,0,1,0,0,0,0,0,0,0,0,0,0,0,0,0,0,0,0,0,0,0,0,0,0,0,0,0,0,0,0,0,0,0,0,0,0,0,0,0,4,0,0,1,0,0,14,0,0,3,3,0,0,1,2.0,1.0,13.23329096810373,0,1,0,0,1,0,0
6690,60.89,53.41927084799495,7.470729152005049,7.470729152005049,12.269221796690834,CatBoost_tuned,16.0,1024.0,3,17.3,Q5_high,16.0,1024.0,17.3,0,0,0,0,0,0,1,0,0,1,1,0,0,3,8,1,0,0,0,0,0,0,0,0,0,0,0,0,0,0,0,0,0,0,0,0,0,0,0,0,0,0,0,0,0,0,0,0,0,0,0,0,0,0,0,1,0,0,0,4,1,0,0,0,0,0,6,0,4,-1,0,0,1,2.0,1.0,12.598874579684942,0,1,0,0,0,1,0
4779,26.8,19.346636917986267,7.453363082013734,7.453363082013734,27.81105627617065,CatBoost_tuned,16.0,512.0,2,15.95,Q5_high,16.0,512.0,15.95,0,0,0,0,0,0,0,0,0,1,1,0,0,2,5,0,0,1,0,0,0,0,0,0,0,0,0,0,0,0,0,0,0,0,0,0,0,0,0,1,0,0,0,0,0,0,0,0,0,0,0,0,0,0,0,0,1,0,0,2,0,1,0,0,0,0,0,0,0,-1,0,1,0,1.0,1.0,11.906702533283202,0,1,0,1,0,0,0
5530,47.918,40.50264995403897,7.415350045961027,7.415350045961027,15.475082528404831,CatBoost_tuned,16.0,1024.0,3,16.0,Q5_high,16.0,1024.0,16.0,0,0,0,0,0,0,1,0,0,0,1,0,0,3,8,0,0,0,0,0,0,1,0,0,0,0,0,0,0,0,0,0,0,0,0,0,0,0,0,0,0,0,0,0,0,0,0,0,0,0,0,0,0,0,0,0,0,1,0,4,0,0,0,1,0,13,0,0,4,4,0,0,1,2.0,1.0,12.598874579684942,0,1,0,0,1,0,0
6488,31.79,24.38655957199429,7.403440428005709,7.403440428005709,23.288582661232176,CatBoost_tuned,5.0,512.0,3,15.6,Q5_high,5.0,512.0,15.6,0,0,0,0,0,0,1,0,0,0,1,0,0,3,6,0,0,0,0,0,0,1,0,0,0,0,0,0,0,0,0,0,0,0,0,0,0,0,0,0,0,0,0,0,0,0,0,0,0,0,0,0,0,0,0,0,0,1,0,3,0,0,0,1,0,13,0,0,4,4,0,0,1,0.3125,0.3125,9.82379478362688,0,0,0,0,1,0,0
5349,20.499,13.139420170812947,7.359579829187052,7.359579829187052,35.90214073460682,CatBoost_tuned,16.0,512.0,2,13.95,Q4,16.0,512.0,13.95,0,0,0,0,0,0,1,0,0,0,0,0,1,2,6,1,0,0,0,0,0,0,0,0,0,0,0,0,0,0,0,0,0,0,0,0,0,0,0,0,0,0,0,0,0,0,0,0,0,0,0,0,0,0,0,1,0,0,0,-1,0,0,0,0,0,0,0,0,0,0,0,1,0,1.0,1.0,11.906702533283202,0,1,0,0,0,1,0
3988,12.7,5.373607443706655,7.326392556293344,7.326392556293344,57.68813036451452,CatBoost_tuned,0.0,0.0,2,0.0,Q3,0.0,0.0,0.0,0,0,1,1,1,0,0,1,1,1,0,0,1,2,0,0,0,1,0,0,0,0,0,0,0,0,0,0,0,0,0,0,0,0,0,0,0,0,1,0,0,0,0,0,0,0,0,0,0,0,0,0,0,0,0,0,0,0,0,-1,0,0,0,0,0,0,0,0,0,-1,0,1,0,0.0,0.0,0.0,1,0,0,1,0,0,0
3640,12.8,5.4912523653641525,7.308747634635848,7.308747634635848,57.09959089559256,CatBoost_tuned,8.0,256.0,3,13.95,Q3,8.0,256.0,13.95,0,0,0,0,0,0,0,0,0,0,1,0,0,3,3,0,0,0,1,0,0,0,0,0,0,0,0,0,0,0,1,0,0,0,0,0,0,0,0,0,0,0,0,0,0,0,0,0,0,0,0,0,0,0,0,0,0,1,0,-1,0,0,0,0,0,0,0,0,0,0,0,1,0,0.25,0.5,9.94352523956766,1,0,0,0,1,0,0
7093,40.9,33.682037453721975,7.217962546278024,7.217962546278024,17.647830186498837,CatBoost_tuned,32.0,1024.0,3,14.5,Q5_high,32.0,1024.0,14.5,0,0,0,0,0,0,1,0,0,0,1,0,0,3,8,0,0,0,0,0,0,1,0,0,0,0,0,0,0,0,0,0,0,0,0,0,0,0,0,0,0,0,0,0,0,0,0,0,0,0,0,0,0,0,0,0,0,1,0,4,0,0,0,1,0,13,0,0,3,4,0,0,1,4.0,2.0,13.92546301450547,0,1,1,0,1,0,0
1394,26.5,19.36979149657111,7.130208503428889,7.130208503428889,26.90644718275053,CatBoost_tuned,32.0,512.0,2,15.95,Q5_high,32.0,512.0,15.95,0,0,0,0,0,0,1,0,0,0,1,0,0,2,6,0,0,0,1,0,0,0,0,0,0,0,0,0,0,0,0,0,0,0,0,0,0,0,0,0,0,0,0,0,0,0,0,0,0,0,0,0,0,0,0,0,0,1,0,3,0,0,0,1,0,0,0,0,0,2,0,1,0,2.0,1.0,13.23329096810373,0,1,0,0,1,0,0
2249,26.49,19.446135106368,7.043864893632001,7.043864893632001,26.590656450101932,CatBoost_tuned,16.0,1024.0,2,15.95,Q5_high,16.0,1024.0,15.95,0,0,0,0,0,0,1,0,0,0,1,0,0,2,6,0,1,0,0,0,0,0,0,0,0,0,0,0,0,0,0,0,0,0,0,0,0,0,0,0,0,0,0,0,0,0,0,0,0,0,0,0,0,0,0,0,0,1,0,-1,0,0,0,0,0,0,0,0,0,2,0,1,0,2.0,1.0,12.598874579684942,0,1,0,0,0,1,0
3832,22.9,16.085028975331372,6.814971024668626,6.814971024668626,29.75969879767959,CatBoost_tuned,16.0,512.0,2,15.95,Q5_high,16.0,512.0,15.95,0,0,0,0,0,0,1,0,0,0,1,0,0,2,6,1,0,0,0,0,0,0,0,0,0,0,0,0,0,0,0,0,0,0,0,0,0,0,0,0,0,0,0,0,0,0,0,0,0,0,0,0,0,0,0,0,0,1,0,-1,0,0,0,0,0,0,0,0,0,2,0,1,0,1.0,1.0,11.906702533283202,0,1,0,0,0,1,0
3858,15.0,8.229674256908734,6.770325743091266,6.770325743091266,45.135504953941776,CatBoost_tuned,0.0,0.0,2,15.95,Q4,0.0,0.0,15.95,0,0,1,1,0,0,1,0,0,0,0,0,1,2,6,1,0,0,0,0,0,0,0,0,0,0,0,0,0,0,0,0,0,0,0,0,0,0,0,0,0,0,0,0,0,0,0,0,0,0,0,0,0,0,0,1,0,0,0,-1,0,0,0,0,0,0,0,0,0,2,0,1,0,0.0,0.0,0.0,1,0,0,0,0,1,0
6312,51.0,44.25696678432918,6.74303321567082,6.74303321567082,13.221633756217294,CatBoost_tuned,32.0,256.0,3,13.0,Q5_high,32.0,256.0,13.0,0,0,0,0,0,0,1,0,0,0,1,0,0,3,4,0,0,0,0,0,0,0,0,1,0,0,0,0,0,0,0,0,0,0,0,0,0,0,0,0,0,0,0,0,0,0,0,0,0,0,0,0,0,0,0,0,0,1,0,2,0,0,1,0,0,15,0,0,1,0,0,0,1,1.0,0.5,12.54209120782818,0,0,0,1,0,0,0
2472,15.0,8.279538994124685,6.720461005875315,6.720461005875315,44.8030733725021,CatBoost_tuned,8.0,256.0,2,13.95,Q4,8.0,256.0,13.95,0,0,0,0,0,0,1,0,0,1,1,0,0,2,5,0,0,0,0,0,0,0,0,1,0,0,0,0,0,0,0,0,0,0,0,0,0,0,0,0,0,0,0,0,0,0,0,0,0,0,0,0,0,0,0,0,0,1,0,-1,0,0,0,0,0,0,0,0,0,-1,0,1,0,0.25,0.5,9.94352523956766,1,0,0,1,0,0,0
6738,58.99,52.3210489860738,6.668951013926204,6.668951013926204,11.305222942746571,CatBoost_tuned,32.0,2048.0,3,16.0,Q5_high,32.0,2048.0,16.0,0,0,0,0,0,0,1,0,0,0,1,0,0,3,6,0,0,0,0,0,0,0,1,0,0,0,0,0,0,0,0,0,0,0,0,0,0,0,0,0,0,0,0,0,0,0,0,0,0,0,0,0,0,0,0,0,0,1,0,3,0,0,0,1,0,13,0,0,4,4,0,0,1,8.0,2.0,14.61812227117186,0,1,1,0,0,1,0
5557,34.35,27.68895671473701,6.661043285262991,6.661043285262991,19.391683508771443,CatBoost_tuned,16.0,1024.0,3,16.0,Q5_high,16.0,1024.0,16.0,1,0,0,0,0,0,1,0,1,0,1,0,0,3,0,0,0,0,0,0,0,0,0,0,0,0,0,0,0,0,0,0,0,0,0,0,0,0,0,0,0,0,0,0,0,0,0,0,0,0,0,0,0,0,0,1,0,0,0,3,1,0,0,0,0,0,9,0,0,5,0,0,1,2.0,1.0,12.598874579684942,0,1,0,0,0,0,1
2320,18.8,12.141104684566322,6.658895315433679,6.658895315433679,35.41965593315786,CatBoost_tuned,16.0,512.0,2,17.95,Q4,16.0,512.0,17.95,0,0,0,0,0,0,0,0,0,0,0,0,1,2,6,0,0,0,1,0,0,0,0,0,0,0,0,0,0,0,0,0,0,0,0,0,0,0,0,0,0,0,0,0,1,0,0,0,0,0,0,0,0,0,0,0,0,1,0,-1,0,0,0,0,0,0,0,0,0,2,0,1,0,1.0,1.0,11.906702533283202,0,1,0,0,1,0,0
2576,25.5,18.9229756879799,6.5770243120201,6.5770243120201,25.792252204000395,CatBoost_tuned,16.0,512.0,2,15.95,Q5_high,16.0,512.0,15.95,0,0,0,0,0,0,1,0,0,0,1,0,0,2,6,0,0,0,0,0,0,1,0,0,0,0,0,0,0,0,0,0,0,0,0,0,0,0,0,0,0,0,0,0,0,0,0,0,0,0,0,0,0,0,0,1,0,0,0,-1,0,0,0,0,0,0,0,0,0,2,0,1,0,1.0,1.0,11.906702533283202,0,1,0,0,1,0,0
2943,26.5,19.93002025927152,6.569979740728478,6.569979740728478,24.792376380107463,CatBoost_tuned,16.0,1024.0,2,15.95,Q5_high,16.0,1024.0,15.95,0,0,0,0,0,0,1,0,0,0,1,0,0,2,6,0,0,0,1,0,0,0,0,0,0,0,0,0,0,0,0,0,0,0,0,0,0,0,0,0,0,0,0,0,0,0,0,0,0,0,0,0,0,0,0,0,0,1,0,3,0,0,0,1,0,0,0,0,0,2,0,1,0,2.0,1.0,12.598874579684942,0,1,0,0,1,0,0
1427,21.5,14.94536921575897,6.554630784241031,6.554630784241031,30.4866548104234,CatBoost_tuned,16.0,512.0,2,15.95,Q4,16.0,512.0,15.95,0,0,0,0,0,0,0,0,0,0,1,0,0,2,6,0,0,0,1,0,0,0,0,0,0,0,0,0,0,0,0,0,0,0,0,0,0,0,0,0,0,0,0,0,1,0,0,0,0,0,0,0,0,0,0,0,0,1,0,3,0,0,0,1,0,0,0,0,0,2,0,1,0,1.0,1.0,11.906702533283202,0,1,0,0,1,0,0
3845,23.8,17.254116965883544,6.545883034116457,6.545883034116457,27.50371022738008,CatBoost_tuned,16.0,512.0,2,15.95,Q5_high,16.0,512.0,15.95,0,0,0,0,0,0,1,0,0,0,1,0,0,2,6,0,0,0,0,0,0,1,0,0,0,0,0,0,0,0,0,0,0,0,0,0,0,0,0,0,0,0,0,0,0,0,0,0,0,0,0,0,0,0,0,0,0,1,0,-1,0,0,0,0,0,0,0,0,0,2,0,1,0,1.0,1.0,11.906702533283202,0,1,0,0,1,0,0
3635,22.0,15.483171204408135,6.516828795591863,6.516828795591863,29.621949070872105,CatBoost_tuned,16.0,1024.0,2,13.95,Q5_high,16.0,1024.0,13.95,0,0,0,0,0,0,1,0,1,0,1,0,0,2,0,0,0,0,0,0,0,1,0,0,0,0,0,0,0,0,0,0,0,0,0,0,0,0,0,0,0,0,0,0,0,0,0,0,0,0,0,0,0,0,0,0,0,1,0,-1,0,0,0,0,0,0,0,0,0,0,1,0,0,2.0,1.0,12.598874579684942,0,1,0,0,1,0,0
