shop_1_name,product_id,spec_key,brand_clean,cpu_model_clean,ram_gb_clean,storage_gb_clean,screen_size_clean,shop_2_name,shop_3_name,shop_1_price_clean,shop_2_price_clean,shop_3_price_clean,price_median,price_spread_clean_pct,flag_price_spread_warn,flag_price_spread_critical,sample_group,shop_1_price_relative_outlier,shop_2_price_relative_outlier,shop_3_price_relative_outlier,shop_1_price_domain_outlier,shop_2_price_domain_outlier,shop_3_price_domain_outlier,Kích thước (inch),screen_size_outlier,Dung lượng RAM,ram_capacity_outlier,Hãng sản xuất,brand_grouped
tuandigi.vn,1153,ASUS|226V|16.0|512.0|14.0,ASUS,226V,16.0,512.0,14.0,tuanapple.vn,kimlongcenter.com,18500000.0,18500000.0,21900000.0,18500000.0,0.1837837837837838,False,False,normal_rows,,,,,,,,,,,,
cameranhapkhau.com,688,ASUS|8265U|8.0|512.0|13.3,ASUS,8265U,8.0,512.0,13.3,compro.com.vn,hoangtuan.vn,21350000.0,21790000.0,22490000.0,21790000.0,0.0523175768701239,False,False,normal_rows,,,,,,,,,,,,
compro.com.vn,536,HP|7100U|4.0|1024.0|14.0,HP,7100U,4.0,1024.0,14.0,hopthanhthinh.com,laptopfull.com,12150000.0,12190000.0,12190000.0,12190000.0,0.0032813781788351,False,False,normal_rows,,,,,,,,,,,,
fptshop.com.vn,3466,HP|125H|24.0|512.0|14.0,HP,125H,24.0,512.0,14.0,philong.com.vn,laptopworld.vn,22490000.0,21190000.0,21590000.0,21590000.0,0.0602130616025937,False,False,normal_rows,,,,,,,,,,,,
vitinhminhhoang.vn,3550,ASUS|5800H|16.0|512.0|15.6,ASUS,5800H,16.0,512.0,15.6,sieuthivienthong.org,smarttechpcvn.com,22760000.0,22790000.0,22950000.0,22790000.0,0.0083369899078543,False,False,normal_rows,,,,,,,,,,,,
mylook.vn,1448,ASUS|3500U|4.0|256.0|14.0,ASUS,3500U,4.0,256.0,14.0,compro.com.vn,songphuong.vn,11419000.0,11590000.0,12590000.0,11590000.0,0.1010353753235547,False,False,normal_rows,,,,,,,,,,,,
maytinhkiengiang.com,3025,MSI|10210U|8.0|512.0|15.6,MSI,10210U,8.0,512.0,15.6,mayvanphongonline.com,vitinhtruongthinh.com,13950000.0,16700000.0,17290000.0,16700000.0,0.2,False,False,normal_rows,,,,,,,,,,,,
nhanhavui.com.vn,1811,HP|125H|16.0|Unknown|16.0,HP,125H,16.0,,16.0,eaz.com.vn,laptop123.com.vn,23990000.0,22399000.0,22400000.0,22400000.0,0.0710267857142857,False,False,normal_rows,,,,,,,,,,,,
dienmayxanh.com,2582,Lenovo|7520U|16.0|512.0|15.6,Lenovo,7520U,16.0,512.0,15.6,eaz.com.vn,pc.pro.vn,13190000.0,11099000.0,12290000.0,12290000.0,0.1701383238405207,False,False,normal_rows,,,,,,,,,,,,
cameranhapkhau.com,414,Unknown|8565U|8.0|Unknown|14.0,Unknown,8565U,8.0,,14.0,laptopfull.com,laptop36.vn,25470000.0,22790000.0,25450000.0,25450000.0,0.1053045186640471,False,False,normal_rows,,,,,,,,,,,,
laptopthinkpad.com,4191,Lenovo|4650U|8.0|256.0|14.0,Lenovo,4650U,8.0,256.0,14.0,laptophitech.vn,tncstore.vn,11800000.0,12500000.0,21990000.0,12500000.0,0.8152,True,True,critical_price_spread_rows,,,,,,,,,,,,
shopee.vn,554,HP|8145U|4.0|1024.0|14.0,HP,8145U,4.0,1024.0,14.0,maytinhquanganh.com,laptopfull.com,5500000.0,4890000.0,10759000.0,5500000.0,1.067090909090909,True,True,critical_price_spread_rows,,,,,,,,,,,,
cameranhapkhau.com,2383,HP|8265U|4.0|1024.0|15.6,HP,8265U,4.0,1024.0,15.6,thegioimaytinh.net.vn,vodien.vn,14450000.0,6900000.0,7600000.0,7600000.0,0.993421052631579,True,True,critical_price_spread_rows,,,,,,,,,,,,
vodien.vn,2923,ASUS|4210U|4.0|524.0|15.6,ASUS,4210U,4.0,524.0,15.6,phucanshop.com,laptopminhha.vn,4990000.0,8599000.0,12690000.0,8599000.0,0.8954529596464705,True,True,critical_price_spread_rows,,,,,,,,,,,,
saleslaptop.vn,1612,Unknown|4030U|4.0|500.0|14.0,Unknown,4030U,4.0,500.0,14.0,phucanshop.com,4tcomputer.vn,4500000.0,8499000.0,9490000.0,8499000.0,0.5871278973996941,True,True,critical_price_spread_rows,,,,,,,,,,,,
thuanthientech.vn,404,ASUS|10510U|16.0|1024.0|14.0,ASUS,10510U,16.0,1024.0,14.0,songphuong.vn,laptopfull.com,29500000.0,29990000.0,45409000.0,29990000.0,0.5304768256085362,True,True,critical_price_spread_rows,,,,,,,,,,,,
tinhocsangtao.vn,3029,HP|1335U|16.0|512.0|15.6,HP,1335U,16.0,512.0,15.6,shopee.vn,vodien.vn,14990000.0,19590000.0,11000000.0,14990000.0,0.5730486991327551,True,True,critical_price_spread_rows,,,,,,,,,,,,
hungphuc.vn,1950,Unknown|1115G4|8.0|Unknown|14.0,Unknown,1115G4,8.0,,14.0,shopee.vn,nqkcomputer.com,9390000.0,18400000.0,6500000.0,9390000.0,1.2673056443024495,True,True,critical_price_spread_rows,,,,,,,,,,,,
hkc.vn,1999,Apple|UNKNOWN|8.0|256.0|13.3,Apple,UNKNOWN,8.0,256.0,13.3,muabandienthoai24h.vn,vnit.vn,36355000.0,21700000.0,23000000.0,23000000.0,0.6371739130434783,True,True,critical_price_spread_rows,,,,,,,,,,,,
shopee.vn,535,HP|N4020|4.0|128.0|14.0,HP,N4020,4.0,128.0,14.0,dienmaytrananh.com,vitinhthienlong.com,7500000.0,4100000.0,4350000.0,4350000.0,0.7816091954022989,True,True,critical_price_spread_rows,,,,,,,,,,,,
laptopnow.vn,802,ASUS|1135G7|8.0|512.0|14.0,ASUS,1135G7,8.0,512.0,14.0,anp.com.vn,maytinhf5.vn,20000000.0,31490000.0,32100000.0,31490000.0,0.3842489679263258,True,False,warn_price_spread_rows,,,,,,,,,,,,
laptopxaydung.com,4345,Lenovo|5300U|8.0|256.0|14.0,Lenovo,5300U,8.0,256.0,14.0,saolaptop.vn,thegioilaptop24h.com,8500000.0,10200000.0,11900000.0,10200000.0,0.3333333333333333,True,False,warn_price_spread_rows,,,,,,,,,,,,
hungphuc.vn,1555,HP|1235U|8.0|256.0|15.6,HP,1235U,8.0,256.0,15.6,tinhocsangtao.vn,cameranhapkhau.com,12680000.0,14690000.0,17853103.0,14690000.0,0.3521513274336283,True,False,warn_price_spread_rows,,,,,,,,,,,,
duyhai.vn,2831,Dell|12800H|32.0|Unknown|14.0,Dell,12800H,32.0,,14.0,laptop3mien.vn,kinglap.vn,35900000.0,59900000.0,62000000.0,59900000.0,0.4357262103505843,True,False,warn_price_spread_rows,,,,,,,,,,,,
maytinhgiare.vn,3898,Acer|7200U|4.0|1024.0|15.6,Acer,7200U,4.0,1024.0,15.6,compro.com.vn,anhtaigroup.com,8890000.0,11450000.0,13350000.0,11450000.0,0.3895196506550218,True,False,warn_price_spread_rows,,,,,,,,,,,,
ben.com.vn,3943,HP|155H|16.0|512.0|16.0,HP,155H,16.0,512.0,16.0,cphub.vn,hitechpro.vn,34201000.0,20369000.0,29390000.0,29390000.0,0.4706362708404219,True,False,warn_price_spread_rows,,,,,,,,,,,,
hkc.vn,2455,HP|1235U|8.0|256.0|15.6,HP,1235U,8.0,256.0,15.6,hungphuc.vn,tiki.vn,16560000.0,17190000.0,23628000.0,17190000.0,0.4111692844677138,True,False,warn_price_spread_rows,,,,,,,,,,,,
hoanghamobile.com,1238,ASUS|13500H|16.0|512.0|14.0,ASUS,13500H,16.0,512.0,14.0,hacom.vn,kimlongcenter.com,17690000.0,10999000.0,15400000.0,15400000.0,0.4344805194805194,True,False,warn_price_spread_rows,,,,,,,,,,,,
tinhocsangtao.vn,4052,ASUS|1335U|16.0|512.0|16.0,ASUS,1335U,16.0,512.0,16.0,dienmayxanh.com,vodien.vn,14790000.0,15490000.0,11000000.0,14790000.0,0.3035835023664638,True,False,warn_price_spread_rows,,,,,,,,,,,,
shopee.vn,3971,Lenovo|7435HS|12.0|512.0|15.6,Lenovo,7435HS,12.0,512.0,15.6,eaz.com.vn,tymo.vn,29990000.0,22699000.0,22790000.0,22790000.0,0.3199210179903466,True,False,warn_price_spread_rows,,,,,,,,,,,,
laptopbinhduongvtc.vn,1283,MSI|4600H|8.0|512.0|17.3,MSI,4600H,8.0,512.0,17.3,compro.com.vn,mylook.vn,,23490000.0,24739000.0,24114500.0,0.0517945634369362,False,False,relative_price_nulled_rows,True,False,False,,,,,,,,,
phucquangcomputer.com,3234,HP|8265U|4.0|1024.0|15.6,HP,8265U,4.0,1024.0,15.6,compro.com.vn,dienmayxanhbantragop.com,,14400000.0,15190000.0,14795000.0,0.0533964177086853,False,False,relative_price_nulled_rows,True,False,False,,,,,,,,,
laptop36.vn,3849,Dell|7020U|4.0|1024.0|14.0,Dell,7020U,4.0,1024.0,14.0,laptopfull.com,thanhxuancomputer.com,,8790000.0,9500000.0,9145000.0,0.0776380535811919,False,False,relative_price_nulled_rows,True,False,False,,,,,,,,,
lap24h.vn,883,HP|7200U|4.0|500.0|13.3,HP,7200U,4.0,500.0,13.3,compro.com.vn,tic.vn,,14650000.0,14900000.0,14775000.0,0.0169204737732656,False,False,relative_price_nulled_rows,True,False,False,,,,,,,,,
laptopfull.com,3323,HP|7100U|Unknown|1024.0|15.6,HP,7100U,,1024.0,15.6,compro.com.vn,vitinhgiaphuc.com,8825000.0,10900000.0,,9862500.0,0.2103929024081115,False,False,relative_price_nulled_rows,False,False,True,,,,,,,,,
cameranhapkhau.com,297,ASUS|8265U|8.0|256.0|13.3,ASUS,8265U,8.0,256.0,13.3,laptopthunguyen.com,mylook.vn,20440000.0,,21209000.0,20824500.0,0.0369276573267065,False,False,relative_price_nulled_rows,False,True,False,,,,,,,,,
cameranhapkhau.com,1216,Dell|7200U|4.0|1024.0|15.6,Dell,7200U,4.0,1024.0,15.6,lap24h.vn,sondat.vn,16710500.0,,15700000.0,16205250.0,0.0623563351383039,False,False,relative_price_nulled_rows,False,True,False,,,,,,,,,
maytinhquanganh.com,4042,HP|8265U|4.0|1024.0|14.0,HP,8265U,4.0,1024.0,14.0,laptopfull.com,dtex.vn,,13539000.0,14450000.0,13994500.0,0.0650970023937975,False,False,relative_price_nulled_rows,True,False,False,,,,,,,,,
hkc.vn,231,Dell|7020U|4.0|1024.0|15.6,Dell,7020U,4.0,1024.0,15.6,laptop36.vn,sondat.vn,9260000.0,,9450000.0,9355000.0,0.0203099946552645,False,False,relative_price_nulled_rows,False,True,False,,,,,,,,,
eaz.com.vn,2361,Lenovo|13420H|8.0|512.0|14.0,Lenovo,13420H,8.0,512.0,14.0,compro.vn,tnc.com.vn,14499000.0,14890000.0,,14694500.0,0.0266085950525706,False,False,relative_price_nulled_rows,False,False,True,,,,,,,,,
ben.com.vn,432,HP|255H|32.0|1024.0|16.0,HP,255H,32.0,1024.0,16.0,trieubom.com,mazo.vn,,27000000.0,27000000.0,27000000.0,0.0,False,False,domain_price_nulled_rows,,,,True,False,False,,,,,,
tevewo.com,752,Apple|8-CORE CPU|24.0|256.0|15.3,Apple,8-CORE CPU,24.0,256.0,15.3,tinphatapple.vn,uristore.com.vn,42190000.0,42500000.0,,42345000.0,0.0073208170976502,False,False,domain_price_nulled_rows,,,,False,False,True,,,,,,
nnkk.vn,1614,Lenovo|9300H|8.0|1024.0|15.6,Lenovo,9300H,8.0,1024.0,15.6,owlgaming.vn,trancuong.vn,16590000.0,16790000.0,,16690000.0,0.011983223487118,False,False,domain_price_nulled_rows,,,,False,False,True,,,,,,
hungphuc.vn,2927,HP|1255U|16.0|512.0|14.0,HP,1255U,16.0,512.0,14.0,tinhocsangtao.vn,cameranhapkhau.com,22190000.0,24590000.0,,23390000.0,0.102607952116289,False,False,domain_price_nulled_rows,,,,False,False,True,,,,,,
tinhocsangtao.vn,4067,Unknown|1135G7|8.0|Unknown|Unknown,Unknown,1135G7,8.0,,,laptoptld.com,tinhocannhon.com,21490000.0,16000000.0,19000000.0,19000000.0,0.2889473684210526,False,False,screen_size_outlier_nulled_rows,,,,,,,306.5,True,,,,
eaz.com.vn,5,Unknown|13980HX|64.0|4096.0|Unknown,Unknown,13980HX,64.0,4096.0,,laptopre.vn,robo.vn,96599000.0,98190000.0,101990000.0,98190000.0,0.0549037580201649,False,False,screen_size_outlier_nulled_rows,,,,,,,380.0,True,,,,
tinhocsangtao.vn,3707,Unknown|1355U|Unknown|Unknown|Unknown,Unknown,1355U,,,,hungphuc.vn,shopee.vn,16990000.0,17690000.0,23890000.0,17690000.0,0.3900508762012436,True,False,screen_size_outlier_nulled_rows,,,,,,,358.5,True,,,,
hnammobile.com,1060,Unknown|UNKNOWN|16.0|Unknown|Unknown,Unknown,UNKNOWN,16.0,,,hkc.vn,dienmayxanh.com,37999000.0,40900000.0,46590000.0,40900000.0,0.2100488997555012,False,False,screen_size_outlier_nulled_rows,,,,,,,304.1,True,,,,
hopthanhthinh.com,481,Unknown|11400H|8.0|Unknown|Unknown,Unknown,11400H,8.0,,,sp-one.vn,laptopgaming.vn,17990000.0,17990000.0,22800000.0,17990000.0,0.2673707615341856,False,False,screen_size_outlier_nulled_rows,,,,,,,363.4,True,,,,
laptopnhatrang.com,4229,Unknown|12450H|8.0|Unknown|Unknown,Unknown,12450H,8.0,,,huynhlongstore.com,dienmaynguyenduc.vn,16990000.0,17900000.0,18990000.0,17900000.0,0.1117318435754189,False,False,screen_size_outlier_nulled_rows,,,,,,,398.0,True,,,,
tinhocsangtao.vn,455,Unknown|13650HX|16.0|Unknown|Unknown,Unknown,13650HX,16.0,,,hungphuc.vn,3bcomputer.com,30390000.0,37350000.0,28490000.0,30390000.0,0.2915432708127674,False,False,screen_size_outlier_nulled_rows,,,,,,,26.15,True,,,,
muabandienthoai24h.vn,751,Unknown|8 CORES|8.0|Unknown|Unknown,Unknown,8 CORES,8.0,,,akbroshop.com,tystore.vn,30500000.0,30500000.0,30990000.0,30500000.0,0.0160655737704918,False,False,screen_size_outlier_nulled_rows,,,,,,,304.1,True,,,,
shopee.vn,173,Unknown|1215U|8.0|Unknown|Unknown,Unknown,1215U,8.0,,,kigimart.com,anphatcomputer.vn,13190000.0,12690000.0,12850000.0,12850000.0,0.0389105058365758,False,False,screen_size_outlier_nulled_rows,,,,,,,359.4,True,,,,
sondat.vn,3629,Unknown|1135G7|8.0|Unknown|Unknown,Unknown,1135G7,8.0,,,xrazer.vn,duyhungcomputer.vn,16590000.0,16990000.0,18300000.0,16990000.0,0.1006474396703943,False,False,screen_size_outlier_nulled_rows,,,,,,,358.5,True,,,,
dienmayxanh.com,1762,Apple|8‑CORE CPU|Unknown|Unknown|15.6,Apple,8‑CORE CPU,,,15.6,mac24h.vn,eaz.com.vn,35090000.0,36500000.0,40699000.0,36500000.0,0.1536712328767123,False,False,ram_outlier_nulled_rows,,,,,,,,,512.0,True,,
hkc.vn,2423,HP|8845HS|Unknown|512.0|16.1,HP,8845HS,,512.0,16.1,ben.com.vn,dinhvangcomputer.vn,33200000.0,39318000.0,27890000.0,33200000.0,0.3442168674698795,True,False,ram_outlier_nulled_rows,,,,,,,,,5600.0,True,,
cameranhapkhau.com,414,Unknown|8565U|8.0|Unknown|14.0,Unknown,8565U,8.0,,14.0,laptopfull.com,laptop36.vn,25470000.0,22790000.0,25450000.0,25450000.0,0.1053045186640471,False,False,unknown_brand_rows,,,,,,,,,,,,Unknown
hkc.vn,789,Unknown|11980HK|64.0|2048.0|Unknown,Unknown,11980HK,64.0,2048.0,,eaz.com.vn,mylook.vn,99990000.0,104900000.0,111089000.0,104900000.0,0.1058055290753098,False,False,unknown_brand_rows,,,,,,,,,,,,Unknown
cellphones.com.vn,3680,Unknown|1340P|16.0|Unknown|16.0,Unknown,1340P,16.0,,16.0,shopee.vn,hkc.vn,13990000.0,16400000.0,18550000.0,16400000.0,0.2780487804878049,False,False,unknown_brand_rows,,,,,,,,,,,,Unknown
masta.vn,1858,Unknown|UNKNOWN|8.0|Unknown|Unknown,Unknown,UNKNOWN,8.0,,,mobi9.vn,muabandienthoai24h.vn,37500000.0,38900000.0,42700000.0,38900000.0,0.1336760925449871,False,False,unknown_brand_rows,,,,,,,,,,,,Unknown
eaz.com.vn,3467,Unknown|1135G7|8.0|Unknown|14.0,Unknown,1135G7,8.0,,14.0,hugotech.vn,songphuong.vn,30799000.0,33000000.0,35490000.0,33000000.0,0.1421515151515151,False,False,unknown_brand_rows,,,,,,,,,,,,Unknown
laptop15.vn,285,Unknown|1360P|16.0|Unknown|16.0,Unknown,1360P,16.0,,16.0,laptoptcc.com,ngocnguyen.vn,16000000.0,18900000.0,18990000.0,18900000.0,0.1582010582010582,False,False,unknown_brand_rows,,,,,,,,,,,,Unknown
tinhochungphat.com,465,Unknown|1355U|16.0|Unknown|Unknown,Unknown,1355U,16.0,,,huecomputer.vn,vitinhkiengiang.com,14988000.0,14990000.0,15390000.0,14990000.0,0.0268178785857238,False,False,unknown_brand_rows,,,,,,,,,,,,Unknown
saleslaptop.vn,1612,Unknown|4030U|4.0|500.0|14.0,Unknown,4030U,4.0,500.0,14.0,phucanshop.com,4tcomputer.vn,4500000.0,8499000.0,9490000.0,8499000.0,0.5871278973996941,True,True,unknown_brand_rows,,,,,,,,,,,,Unknown
laptop15.vn,2795,Unknown|7730U|8.0|Unknown|Unknown,Unknown,7730U,8.0,,,truongthinh.top,laptopworld.vn,8500000.0,11190000.0,11990000.0,11190000.0,0.3118856121537087,True,False,unknown_brand_rows,,,,,,,,,,,,Unknown
hungphuc.vn,2858,Unknown|12450H|8.0|Unknown|Unknown,Unknown,12450H,8.0,,,hkc.vn,laptop15.vn,20590000.0,21100000.0,13700000.0,20590000.0,0.3593977659057795,True,False,unknown_brand_rows,,,,,,,,,,,,Unknown
pgluxury.com,602,Apple|16-CORE|128.0|8192.0|16.0,Apple,16-CORE,128.0,8192.0,16.0,mac18.vn,macone.vn,176990000.0,179400000.0,181740000.0,179400000.0,0.0264771460423634,False,False,high_price_premium_rows,,,,,,,,,,,,
vinhpici.vn,3376,MSI|285HX|96.0|6144.0|18.0,MSI,285HX,96.0,6144.0,18.0,tymo.vn,eaz.com.vn,162999000.0,163790000.0,175000000.0,163790000.0,0.0732706514439221,False,False,high_price_premium_rows,,,,,,,,,,,,
eaz.com.vn,1281,MSI|285HX|64.0|6144.0|18.0,MSI,285HX,64.0,6144.0,18.0,tymo.vn,vitinhmanhphat.com,148999000.0,153290000.0,154600000.0,153290000.0,0.0365385869919759,False,False,high_price_premium_rows,,,,,,,,,,,,
mac18.vn,1417,Apple|16-CORE|128.0|4096.0|16.2,Apple,16-CORE,128.0,4096.0,16.2,pgluxury.com,macone.vn,149900000.0,151890000.0,152340000.0,151890000.0,0.0160642570281124,False,False,high_price_premium_rows,,,,,,,,,,,,
kinglap.vn,4013,MSI|14900HX|128.0|4096.0|18.0,MSI,14900HX,128.0,4096.0,18.0,hanoinew.vn,vitinhmanhphat.com,142490000.0,146990000.0,149050000.0,146990000.0,0.0446288863187972,False,False,high_price_premium_rows,,,,,,,,,,,,
dienmayxanh.com,981,Acer|275HX|192.0|6144.0|18.0,Acer,275HX,192.0,6144.0,18.0,eaz.com.vn,laptopnew.vn,149290000.0,133999000.0,144990000.0,144990000.0,0.1054624456859093,False,False,high_price_premium_rows,,,,,,,,,,,,
bvtmobile.com,1871,Apple|16-CORE|128.0|4096.0|14.0,Apple,16-CORE,128.0,4096.0,14.0,mac18.vn,macshop24h.vn,140190000.0,135500000.0,141800000.0,140190000.0,0.0449390113417504,False,False,high_price_premium_rows,,,,,,,,,,,,
pgluxury.com,1028,Apple|16-CORE|128.0|2048.0|16.0,Apple,16-CORE,128.0,2048.0,16.0,mac18.vn,macshop24h.vn,133990000.0,135000000.0,136800000.0,135000000.0,0.0208148148148148,False,False,high_price_premium_rows,,,,,,,,,,,,
tnc.com.vn,4030,HP|285HX|32.0|1024.0|16.0,HP,285HX,32.0,1024.0,16.0,kinglap.vn,hitechpro.vn,127990000.0,132580000.0,151760000.0,132580000.0,0.179287977070448,False,False,high_price_premium_rows,,,,,,,,,,,,
xgear.net,4174,MSI|285HX|64.0|4096.0|18.0,MSI,285HX,64.0,4096.0,18.0,daiphugia.vn,zenotek.vn,130990000.0,131690000.0,131690000.0,131690000.0,0.0053155137064317,False,False,high_price_premium_rows,,,,,,,,,,,,
hungphuc.vn,2684,Acer|N4020|4.0|128.0|11.6,Acer,N4020,4.0,128.0,11.6,vodien.vn,hanhtech.com,3470000.0,3000000.0,3498000.0,3470000.0,0.1435158501440922,False,False,low_price_rows,,,,,,,,,,,,
letrangia.com,3367,Lenovo|Z3735F|2.0|32.0|11.6,Lenovo,Z3735F,2.0,32.0,11.6,compro.com.vn,vnit.vn,3700000.0,3850000.0,3900000.0,3850000.0,0.0519480519480519,False,False,low_price_rows,,,,,,,,,,,,
laptopvui.com,2438,Dell|5200U|4.0|500.0|15.6,Dell,5200U,4.0,500.0,15.6,maytinhnhapkhau.com.vn,laptop127.vn,3500000.0,4000000.0,5800000.0,4000000.0,0.575,True,True,low_price_rows,,,,,,,,,,,,
thienthanhcomputer.com,3681,HP|7020U|4.0|500.0|15.6,HP,7020U,4.0,500.0,15.6,laptopvienchinh.vn,mytholaptop.vn,4000000.0,4200000.0,5490000.0,4200000.0,0.3547619047619048,True,False,low_price_rows,,,,,,,,,,,,
shopee.vn,535,HP|N4020|4.0|128.0|14.0,HP,N4020,4.0,128.0,14.0,dienmaytrananh.com,vitinhthienlong.com,7500000.0,4100000.0,4350000.0,4350000.0,0.7816091954022989,True,True,low_price_rows,,,,,,,,,,,,
vodien.vn,875,HP|N3700|2.0|500.0|15.6,HP,N3700,2.0,500.0,15.6,viettinphatcomputer.com,compro.com.vn,3400000.0,4500000.0,6390000.0,4500000.0,0.6644444444444444,True,True,low_price_rows,,,,,,,,,,,,
maytinhquanganh.com,738,HP|6100U|4.0|500.0|14.0,HP,6100U,4.0,500.0,14.0,transustore.com,laptopminhha.vn,3799000.0,4500000.0,8000000.0,4500000.0,0.9335555555555556,True,True,low_price_rows,,,,,,,,,,,,
maytinhhoangha.com,1019,HP|8130U|4.0|500.0|14.0,HP,8130U,4.0,500.0,14.0,mytholaptop.vn,laptopminhha.vn,4200000.0,5490000.0,,4845000.0,0.2662538699690402,False,False,low_price_rows,,,,,,,,,,,,
tinhocsangtao.vn,1384,Acer|N5030|4.0|256.0|11.6,Acer,N5030,4.0,256.0,11.6,vodien.vn,laptopfull.com,6900000.0,3900000.0,4937000.0,4937000.0,0.6076564715414219,True,True,low_price_rows,,,,,,,,,,,,
laptopgiasi.vn,2593,Toshiba|3210M|4.0|320.0|15.6,Toshiba,3210M,4.0,320.0,15.6,maytinhdongbohp.vn,maytinhdongbodell.vn,4000000.0,4950000.0,5000000.0,4950000.0,0.202020202020202,False,False,low_price_rows,,,,,,,,,,,,
hungphuc.vn,2139,ASUS|1135G7|8.0|512.0|14.0,ASUS,1135G7,8.0,512.0,14.0,tncstore.vn,maytinhdatcang.vn,14800000.0,14990000.0,14990000.0,14990000.0,0.0126751167444963,False,False,soft_duplicate_groups,,,,,,,,,,,,
47computer.com,3770,ASUS|1135G7|8.0|512.0|14.0,ASUS,1135G7,8.0,512.0,14.0,dienmaythanhchuong.vn,viethand.com.vn,15690000.0,16200000.0,17290000.0,16200000.0,0.0987654320987654,False,False,soft_duplicate_groups,,,,,,,,,,,,
tinhocsangtao.vn,2716,ASUS|1135G7|8.0|512.0|14.0,ASUS,1135G7,8.0,512.0,14.0,vitinhminhhoang.vn,laptoptcc.com,20490000.0,16820000.0,17200000.0,17200000.0,0.2133720930232558,False,False,soft_duplicate_groups,,,,,,,,,,,,
tinhocsangtao.vn,14,ASUS|1135G7|8.0|512.0|14.0,ASUS,1135G7,8.0,512.0,14.0,vitinhsangtao.vn,compro.com.vn,17300000.0,17300000.0,18900000.0,17300000.0,0.0924855491329479,False,False,soft_duplicate_groups,,,,,,,,,,,,
tinhocsangtao.vn,1507,ASUS|1135G7|8.0|512.0|14.0,ASUS,1135G7,8.0,512.0,14.0,vitinhsangtao.vn,anp.com.vn,17350000.0,17350000.0,18690000.0,17350000.0,0.0772334293948126,False,False,soft_duplicate_groups,,,,,,,,,,,,
compro.com.vn,3834,ASUS|1135G7|8.0|512.0|14.0,ASUS,1135G7,8.0,512.0,14.0,longphuccctv.com,anp.com.vn,17000000.0,17490000.0,18490000.0,17490000.0,0.0851915380217267,False,False,soft_duplicate_groups,,,,,,,,,,,,
tinhocsangtao.vn,4188,ASUS|1135G7|8.0|512.0|14.0,ASUS,1135G7,8.0,512.0,14.0,vitinhsangtao.vn,anp.com.vn,18890000.0,18890000.0,19490000.0,18890000.0,0.0317628374801482,False,False,soft_duplicate_groups,,,,,,,,,,,,
maytinhgiare.vn,4278,ASUS|1135G7|8.0|512.0|14.0,ASUS,1135G7,8.0,512.0,14.0,svcvietnam.com.vn,compro.com.vn,9690000.0,18890000.0,18900000.0,18890000.0,0.4875595553202753,True,False,soft_duplicate_groups,,,,,,,,,,,,
compro.com.vn,2985,ASUS|1135G7|8.0|512.0|14.0,ASUS,1135G7,8.0,512.0,14.0,maytinhkiengiang.com,cameraquangngai.vn,18400000.0,19590000.0,19790000.0,19590000.0,0.0709545686574783,False,False,soft_duplicate_groups,,,,,,,,,,,,
anp.com.vn,656,ASUS|1135G7|8.0|512.0|14.0,ASUS,1135G7,8.0,512.0,14.0,viethantech.vn,maytinhgiapham.com,15990000.0,20000000.0,22450000.0,20000000.0,0.323,True,False,soft_duplicate_groups,,,,,,,,,,,,
maytinhvietnam.vn,1947,ASUS|1135G7|8.0|512.0|14.0,ASUS,1135G7,8.0,512.0,14.0,songphuong.vn,anp.com.vn,19590000.0,21590000.0,22490000.0,21590000.0,0.1343214451134784,False,False,soft_duplicate_groups,,,,,,,,,,,,
thegioipc.vn,1001,ASUS|1135G7|8.0|512.0|14.0,ASUS,1135G7,8.0,512.0,14.0,anp.com.vn,longphuccctv.com,18650000.0,22690000.0,22690000.0,22690000.0,0.1780520052886734,False,False,soft_duplicate_groups,,,,,,,,,,,,
laptopxachtay.com.vn,3793,ASUS|1135G7|8.0|512.0|14.0,ASUS,1135G7,8.0,512.0,14.0,bvtechvn.com,maytinhnangdong.vn,15990000.0,22990000.0,23500000.0,22990000.0,0.3266637668551544,True,False,soft_duplicate_groups,,,,,,,,,,,,
vietmob.com,1162,ASUS|1135G7|8.0|512.0|14.0,ASUS,1135G7,8.0,512.0,14.0,alpha.vn,tic.vn,,21900000.0,27441000.0,24670500.0,0.2246002310451754,False,False,soft_duplicate_groups,,,,,,,,,,,,
maytinhdatcang.vn,1229,ASUS|1135G7|8.0|512.0|14.0,ASUS,1135G7,8.0,512.0,14.0,anp.com.vn,compro.com.vn,27990000.0,29990000.0,30000000.0,29990000.0,0.06702234078026,False,False,soft_duplicate_groups,,,,,,,,,,,,
laptopnow.vn,802,ASUS|1135G7|8.0|512.0|14.0,ASUS,1135G7,8.0,512.0,14.0,anp.com.vn,maytinhf5.vn,20000000.0,31490000.0,32100000.0,31490000.0,0.3842489679263258,True,False,soft_duplicate_groups,,,,,,,,,,,,
truongphatpc.com,552,ASUS|1135G7|8.0|512.0|15.6,ASUS,1135G7,8.0,512.0,15.6,hoandang.vn,kigimart.com,12800000.0,12800000.0,12990000.0,12800000.0,0.01484375,False,False,soft_duplicate_groups,,,,,,,,,,,,
drtao.vn,729,ASUS|1135G7|8.0|512.0|15.6,ASUS,1135G7,8.0,512.0,15.6,viettablet.com,vsmart.io.vn,10997800.0,13000000.0,15598800.0,13000000.0,0.3539230769230769,True,False,soft_duplicate_groups,,,,,,,,,,,,
protech247.vn,2496,ASUS|1135G7|8.0|512.0|15.6,ASUS,1135G7,8.0,512.0,15.6,laptoptaithinh.vn,thuannhanphotocopy.com,13990000.0,14500000.0,15000000.0,14500000.0,0.0696551724137931,False,False,soft_duplicate_groups,,,,,,,,,,,,
kigimart.com,1408,ASUS|1135G7|8.0|512.0|15.6,ASUS,1135G7,8.0,512.0,15.6,eaz.com.vn,anp.com.vn,12990000.0,14599000.0,14690000.0,14599000.0,0.1164463319405438,False,False,soft_duplicate_groups,,,,,,,,,,,,
maiden.vn,2470,ASUS|1135G7|8.0|512.0|15.6,ASUS,1135G7,8.0,512.0,15.6,maytinhkiengiang.com,tncstore.vn,14800000.0,15690000.0,15690000.0,15690000.0,0.0567240280433397,False,False,soft_duplicate_groups,,,,,,,,,,,,
tinhocsangtao.vn,2618,ASUS|1135G7|8.0|512.0|15.6,ASUS,1135G7,8.0,512.0,15.6,tiki.vn,laptopxachtay.com.vn,15999000.0,17143200.0,11990000.0,15999000.0,0.3220951309456841,True,False,soft_duplicate_groups,,,,,,,,,,,,
laptop43.vn,3117,ASUS|1135G7|8.0|512.0|15.6,ASUS,1135G7,8.0,512.0,15.6,compro.com.vn,mscshop.vn,12500000.0,16600000.0,17680000.0,16600000.0,0.3120481927710843,True,False,soft_duplicate_groups,,,,,,,,,,,,
hungphuc.vn,2880,ASUS|1135G7|8.0|512.0|15.6,ASUS,1135G7,8.0,512.0,15.6,anp.com.vn,gland.vn,17090000.0,16990000.0,20090000.0,17090000.0,0.1813926272674078,False,False,soft_duplicate_groups,,,,,,,,,,,,
laptoptld.com,1265,ASUS|1135G7|8.0|512.0|15.6,ASUS,1135G7,8.0,512.0,15.6,laptopxachtay.com.vn,compro.com.vn,12500000.0,17290000.0,18400000.0,17290000.0,0.3412377096587622,True,False,soft_duplicate_groups,,,,,,,,,,,,
maytinhdatcang.vn,3675,ASUS|1135G7|8.0|512.0|15.6,ASUS,1135G7,8.0,512.0,15.6,anp.com.vn,vietmob.com,16190000.0,18490000.0,18909000.0,18490000.0,0.147052460789616,False,False,soft_duplicate_groups,,,,,,,,,,,,
tinhocsangtao.vn,1183,ASUS|1135G7|8.0|512.0|15.6,ASUS,1135G7,8.0,512.0,15.6,vinhphatstore.vn,vitinhsangtao.vn,18590000.0,18500000.0,18590000.0,18590000.0,0.0048413125336202,False,False,soft_duplicate_groups,,,,,,,,,,,,
compro.com.vn,2612,ASUS|1135G7|8.0|512.0|15.6,ASUS,1135G7,8.0,512.0,15.6,mayinsieutoc.com.vn,svcvietnam.com.vn,17900000.0,19740000.0,19900000.0,19740000.0,0.1013171225937183,False,False,soft_duplicate_groups,,,,,,,,,,,,
laptopfull.com,1289,ASUS|1135G7|8.0|512.0|15.6,ASUS,1135G7,8.0,512.0,15.6,cameraquangngai.vn,anp.com.vn,18895000.0,19790000.0,19890000.0,19790000.0,0.0502779181404749,False,False,soft_duplicate_groups,,,,,,,,,,,,
anp.com.vn,2681,ASUS|1135G7|8.0|512.0|15.6,ASUS,1135G7,8.0,512.0,15.6,compro.com.vn,gland.vn,16120000.0,19900000.0,20690000.0,19900000.0,0.2296482412060301,False,False,soft_duplicate_groups,,,,,,,,,,,,
maytinhdatcang.vn,3073,ASUS|1135G7|8.0|512.0|15.6,ASUS,1135G7,8.0,512.0,15.6,maytinhkiengiang.com,compro.com.vn,17290000.0,19990000.0,21000000.0,19990000.0,0.1855927963981991,False,False,soft_duplicate_groups,,,,,,,,,,,,
cameraquangngai.vn,3036,ASUS|1135G7|8.0|512.0|15.6,ASUS,1135G7,8.0,512.0,15.6,mylook.vn,compro.com.vn,21790000.0,21919000.0,21980000.0,21919000.0,0.0086682786623477,False,False,soft_duplicate_groups,,,,,,,,,,,,
maytinhnhapkhau.com.vn,4192,ASUS|8250U|4.0|1024.0|15.6,ASUS,8250U,4.0,1024.0,15.6,maytinhanphat.vn,laptopfull.com,7300000.0,7600000.0,11779000.0,7600000.0,0.5893421052631579,True,True,soft_duplicate_groups,,,,,,,,,,,,
vodien.vn,773,ASUS|8250U|4.0|1024.0|15.6,ASUS,8250U,4.0,1024.0,15.6,gamalaptop.vn,tashop.com.vn,6990000.0,9200000.0,12290000.0,9200000.0,0.5760869565217391,True,True,soft_duplicate_groups,,,,,,,,,,,,
vienthonglelong.com,3429,ASUS|8250U|4.0|1024.0|15.6,ASUS,8250U,4.0,1024.0,15.6,laptopfull.com,sondat.vn,11900000.0,12189000.0,12590000.0,12189000.0,0.0566084174255476,False,False,soft_duplicate_groups,,,,,,,,,,,,
laptopfull.com,3660,ASUS|8250U|4.0|1024.0|15.6,ASUS,8250U,4.0,1024.0,15.6,compro.com.vn,vienthonglegia.com,12190000.0,12350000.0,12390000.0,12350000.0,0.0161943319838056,False,False,soft_duplicate_groups,,,,,,,,,,,,
sondat.vn,3968,ASUS|8250U|4.0|1024.0|15.6,ASUS,8250U,4.0,1024.0,15.6,anhtaigroup.com,letrangia.com,12390000.0,12590000.0,13450000.0,12590000.0,0.0841938046068308,False,False,soft_duplicate_groups,,,,,,,,,,,,
compro.com.vn,549,ASUS|8250U|4.0|1024.0|15.6,ASUS,8250U,4.0,1024.0,15.6,letrangia.com,mucindongnai.com,12200000.0,12990000.0,13190000.0,12990000.0,0.0762124711316397,False,False,soft_duplicate_groups,,,,,,,,,,,,
sondat.vn,1986,ASUS|8250U|4.0|1024.0|15.6,ASUS,8250U,4.0,1024.0,15.6,laptopfull.com,compro.com.vn,12850000.0,13290000.0,13530000.0,13290000.0,0.0511662904439428,False,False,soft_duplicate_groups,,,,,,,,,,,,
sondat.vn,2863,ASUS|8250U|4.0|1024.0|15.6,ASUS,8250U,4.0,1024.0,15.6,compro.com.vn,letrangia.com,12250000.0,13400000.0,14350000.0,13400000.0,0.1567164179104477,False,False,soft_duplicate_groups,,,,,,,,,,,,
dienmayquangminh.com,230,ASUS|8250U|4.0|1024.0|15.6,ASUS,8250U,4.0,1024.0,15.6,compro.com.vn,letrangia.com,13400000.0,13450000.0,13850000.0,13450000.0,0.0334572490706319,False,False,soft_duplicate_groups,,,,,,,,,,,,
laptopfull.com,3640,ASUS|8250U|4.0|1024.0|15.6,ASUS,8250U,4.0,1024.0,15.6,mylook.vn,nnkk.vn,13619000.0,13639000.0,13890000.0,13639000.0,0.019869491898233,False,False,soft_duplicate_groups,,,,,,,,,,,,
laptopfull.com,2521,ASUS|8250U|4.0|1024.0|15.6,ASUS,8250U,4.0,1024.0,15.6,compro.com.vn,owlgaming.vn,14790000.0,15550000.0,15950000.0,15550000.0,0.0745980707395498,False,False,soft_duplicate_groups,,,,,,,,,,,,
cameranhapkhau.com,2258,ASUS|8250U|4.0|1024.0|15.6,ASUS,8250U,4.0,1024.0,15.6,compro.com.vn,laptopfull.com,15400000.0,16600000.0,16790000.0,16600000.0,0.0837349397590361,False,False,soft_duplicate_groups,,,,,,,,,,,,
cellphones.com.vn,120,Dell|1235U|16.0|512.0|15.6,Dell,1235U,16.0,512.0,15.6,vitinhkiengiang.com,hacom.vn,9290000.0,12290000.0,12999000.0,12290000.0,0.3017900732302685,True,False,soft_duplicate_groups,,,,,,,,,,,,
hacom.vn,4201,Dell|1235U|16.0|512.0|15.6,Dell,1235U,16.0,512.0,15.6,maytinhlangson.vn,3bcomputer.com,12399000.0,12400000.0,15499000.0,12400000.0,0.25,False,False,soft_duplicate_groups,,,,,,,,,,,,
tinhocsangtao.vn,3564,Dell|1235U|16.0|512.0|15.6,Dell,1235U,16.0,512.0,15.6,shopee.vn,vitinhsangtao.vn,13990000.0,15888000.0,13990000.0,13990000.0,0.1356683345246604,False,False,soft_duplicate_groups,,,,,,,,,,,,
cellphones.com.vn,3806,Dell|1235U|16.0|512.0|15.6,Dell,1235U,16.0,512.0,15.6,ben.com.vn,huucomputer.com,12390000.0,16208000.0,14200000.0,14200000.0,0.2688732394366197,False,False,soft_duplicate_groups,,,,,,,,,,,,
tinhocsangtao.vn,709,Dell|1235U|16.0|512.0|15.6,Dell,1235U,16.0,512.0,15.6,vitinhsangtao.vn,hoangphatvn.vn,14390000.0,14390000.0,14850000.0,14390000.0,0.0319666435024322,False,False,soft_duplicate_groups,,,,,,,,,,,,
dienmayxanh.com,1660,Dell|1235U|16.0|512.0|15.6,Dell,1235U,16.0,512.0,15.6,eaz.com.vn,hoangphatvn.vn,15990000.0,14999000.0,15090000.0,15090000.0,0.0656726308813784,False,False,soft_duplicate_groups,,,,,,,,,,,,
