experiment_type,experiment_name,model_name,target_used,tuning_stage,evaluation_scale,n_features,train_rows,valid_rows,test_rows,train_time_sec,predict_time_sec,best_iteration,valid_mae,valid_rmse,valid_r2,valid_mape,valid_mape_pct,valid_median_ae,valid_max_error,stage_number,stage_best_rank_metric,valid_log_scale_mae,valid_log_scale_rmse,valid_log_scale_r2,valid_log_scale_mape,valid_log_scale_mape_pct,valid_log_scale_median_ae,valid_log_scale_max_error,test_mae,test_rmse,test_r2,test_mape,test_mape_pct,test_median_ae,test_max_error,test_log_scale_mae,test_log_scale_rmse,test_log_scale_r2,test_log_scale_mape,test_log_scale_mape_pct,test_log_scale_median_ae,test_log_scale_max_error
exploration_result,lgbm_price_1_learning_rate_estimators_0,LightGBM,target_price,stage_1_learning_rate_estimators,target_price,86,4377,1459.0,1460,1.0715765999993891,0.0060558000004675705,247.0,3.3204520571856864,5.446800579955102,0.8735243462943159,0.3070817422657305,30.70817422657305,1.8978372992113322,49.89834676379408,,,,,,,,,,,,,,,,,,,,,,,
exploration_result,lgbm_price_1_learning_rate_estimators_1,LightGBM,target_price,stage_1_learning_rate_estimators,target_price,86,4377,1459.0,1460,1.4524775999998383,0.009301599999162136,416.0,3.321717283296726,5.465687283228261,0.8726457205714205,0.30715510082860414,30.715510082860416,1.9182100830479847,49.913361053179216,,,,,,,,,,,,,,,,,,,,,,,
exploration_result,lgbm_price_1_learning_rate_estimators_2,LightGBM,target_price,stage_1_learning_rate_estimators,target_price,86,4377,1459.0,1460,2.048635999999533,0.013629500001115957,597.0,3.3029358193608678,5.441857839378309,0.873753784730334,0.3056367535976349,30.563675359763494,1.8949695655405563,50.01233581202021,,,,,,,,,,,,,,,,,,,,,,,
exploration_result,lgbm_price_1_learning_rate_estimators_3,LightGBM,target_price,stage_1_learning_rate_estimators,target_price,86,4377,1459.0,1460,2.942390799998975,0.01716850000229897,926.0,3.2901824178932095,5.436039511419181,0.8740236003803562,0.3075494819048062,30.75494819048062,1.8920950727286634,52.32407819284845,,,,,,,,,,,,,,,,,,,,,,,
stage_best_result,lgbm_price_1_learning_rate_estimators_3,LightGBM,target_price,stage_1_learning_rate_estimators,target_price,86,4377,1459.0,1460,2.942390799998975,0.01716850000229897,926.0,3.2901824178932095,5.436039511419181,0.8740236003803562,0.3075494819048062,30.75494819048062,1.8920950727286634,52.32407819284845,1.0,valid_mae,,,,,,,,,,,,,,,,,,,,,
exploration_result,lgbm_price_2_tree_complexity_0,LightGBM,target_price,stage_2_tree_complexity,target_price,86,4377,1459.0,1460,2.9036986000028264,0.04429179999715416,2677.0,3.316860621391039,5.378319506512545,0.8766846386805112,0.3136880949568172,31.36880949568172,1.9813675175465457,50.61320812936023,,,,,,,,,,,,,,,,,,,,,,,
exploration_result,lgbm_price_2_tree_complexity_1,LightGBM,target_price,stage_2_tree_complexity,target_price,86,4377,1459.0,1460,3.878644599997642,0.04642740000053891,2424.0,3.284689728291578,5.370889763073527,0.8770251051269147,0.3078918426108453,30.78918426108453,1.9371379018943815,51.714426614635585,,,,,,,,,,,,,,,,,,,,,,,
exploration_result,lgbm_price_2_tree_complexity_2,LightGBM,target_price,stage_2_tree_complexity,target_price,86,4377,1459.0,1460,1.5419264000011026,0.02490369999941322,1250.0,3.2820033158320103,5.446828359524127,0.8735230561982088,0.3043016218040172,30.43016218040172,1.8870171784902787,51.4480591685614,,,,,,,,,,,,,,,,,,,,,,,
exploration_result,lgbm_price_2_tree_complexity_3,LightGBM,target_price,stage_2_tree_complexity,target_price,86,4377,1459.0,1460,3.8295453999999154,0.029511100001400337,908.0,3.3459012594231368,5.5257383066259225,0.8698318869147965,0.3091530108574181,30.91530108574181,1.8876909060917058,53.524433871769205,,,,,,,,,,,,,,,,,,,,,,,
stage_best_result,lgbm_price_2_tree_complexity_2,LightGBM,target_price,stage_2_tree_complexity,target_price,86,4377,1459.0,1460,1.5419264000011026,0.02490369999941322,1250.0,3.2820033158320103,5.446828359524127,0.8735230561982088,0.3043016218040172,30.43016218040172,1.8870171784902787,51.4480591685614,2.0,valid_mae,,,,,,,,,,,,,,,,,,,,,
exploration_result,lgbm_price_3_regularization_0,LightGBM,target_price,stage_3_regularization,target_price,86,4377,1459.0,1460,1.3377133999965736,0.022314000001642853,1125.0,3.282820310540716,5.447914321735498,0.8734726184518661,0.3050722330659331,30.50722330659331,1.857240113389203,52.09312669254025,,,,,,,,,,,,,,,,,,,,,,,
exploration_result,lgbm_price_3_regularization_1,LightGBM,target_price,stage_3_regularization,target_price,86,4377,1459.0,1460,1.6495383000001311,0.03508019999935641,1235.0,3.280444628944831,5.441294471798995,0.8737799226212134,0.30448711986620924,30.448711986620925,1.85995640937006,52.02505666669748,,,,,,,,,,,,,,,,,,,,,,,
exploration_result,lgbm_price_3_regularization_2,LightGBM,target_price,stage_3_regularization,target_price,86,4377,1459.0,1460,3.7755879999967874,0.033658699998341035,1105.0,3.2846032675242234,5.446234027544171,0.8735506558163387,0.30541306694984416,30.541306694984417,1.8650151810500415,51.714928271792004,,,,,,,,,,,,,,,,,,,,,,,
exploration_result,lgbm_price_3_regularization_3,LightGBM,target_price,stage_3_regularization,target_price,86,4377,1459.0,1460,4.2787634000014805,0.02874869999868679,1155.0,3.309439094446791,5.524618783640343,0.8698846260871309,0.3063626478547378,30.63626478547378,1.8679084784827715,53.71373474853796,,,,,,,,,,,,,,,,,,,,,,,
exploration_result,lgbm_price_3_regularization_4,LightGBM,target_price,stage_3_regularization,target_price,86,4377,1459.0,1460,4.279522900000302,0.04047260000152164,1071.0,3.3044731696815375,5.520810419183654,0.8700639528390401,0.3050931000240416,30.50931000240416,1.8541961066037764,54.28747759542645,,,,,,,,,,,,,,,,,,,,,,,
stage_best_result,lgbm_price_3_regularization_1,LightGBM,target_price,stage_3_regularization,target_price,86,4377,1459.0,1460,1.6495383000001311,0.03508019999935641,1235.0,3.280444628944831,5.441294471798995,0.8737799226212134,0.30448711986620924,30.448711986620925,1.85995640937006,52.02505666669748,3.0,valid_mae,,,,,,,,,,,,,,,,,,,,,
exploration_result,lgbm_price_4_sampling_randomness_0,LightGBM,target_price,stage_4_sampling_randomness,target_price,86,4377,1459.0,1460,6.117096400001174,0.045830799997929716,1492.0,3.2739087557687174,5.452486263669648,0.8732601633585672,0.30239149157608386,30.239149157608384,1.8516498853961716,51.56126129355167,,,,,,,,,,,,,,,,,,,,,,,
exploration_result,lgbm_price_4_sampling_randomness_1,LightGBM,target_price,stage_4_sampling_randomness,target_price,86,4377,1459.0,1460,5.554384499999287,0.03438509999978123,1235.0,3.280444628944831,5.441294471798995,0.8737799226212134,0.30448711986620924,30.448711986620925,1.85995640937006,52.02505666669748,,,,,,,,,,,,,,,,,,,,,,,
exploration_result,lgbm_price_4_sampling_randomness_2,LightGBM,target_price,stage_4_sampling_randomness,target_price,86,4377,1459.0,1460,4.88850309999907,0.03562470000179019,1093.0,3.286766800688264,5.443791651353522,0.8736640433853244,0.30483459985038003,30.483459985038003,1.8847105769635562,52.66313251912824,,,,,,,,,,,,,,,,,,,,,,,
exploration_result,lgbm_price_4_sampling_randomness_3,LightGBM,target_price,stage_4_sampling_randomness,target_price,86,4377,1459.0,1460,5.596716700001707,0.03276410000034957,1006.0,3.3023440488876132,5.475026954592213,0.8722101071496351,0.30698915556602535,30.698915556602536,1.8950914671376298,52.07991545793068,,,,,,,,,,,,,,,,,,,,,,,
stage_best_result,lgbm_price_4_sampling_randomness_0,LightGBM,target_price,stage_4_sampling_randomness,target_price,86,4377,1459.0,1460,6.117096400001174,0.045830799997929716,1492.0,3.2739087557687174,5.452486263669648,0.8732601633585672,0.30239149157608386,30.239149157608384,1.8516498853961716,51.56126129355167,4.0,valid_mae,,,,,,,,,,,,,,,,,,,,,
exploration_result,lgbm_log_1_learning_rate_estimators_0,LightGBM,log_target_price,stage_1_learning_rate_estimators,target_price,86,4377,1459.0,1460,0.8917050999989442,0.00509299999976065,125.0,3.244872867154806,5.660512462866422,0.8634047854633047,0.2749435704527883,27.49435704527883,1.7286858902258473,47.222577291531366,,,0.22046192470867831,0.29648281051007525,0.8598029049393283,0.10990492060853538,10.990492060853537,0.168831520839841,1.5027749016415983,,,,,,,,,,,,,,
exploration_result,lgbm_log_1_learning_rate_estimators_1,LightGBM,log_target_price,stage_1_learning_rate_estimators,target_price,86,4377,1459.0,1460,1.3874895999979344,0.006283400001848349,240.0,3.2328993427095596,5.646288892475323,0.8640903879299408,0.2745142009779005,27.451420097790052,1.7278041335889753,48.846233011134544,,,0.2199941625129902,0.2945077099057734,0.8616646050040515,0.10982647579591463,10.982647579591463,0.168478263334916,1.5125610306072834,,,,,,,,,,,,,,
exploration_result,lgbm_log_1_learning_rate_estimators_2,LightGBM,log_target_price,stage_1_learning_rate_estimators,target_price,86,4377,1459.0,1460,1.6000601000014285,0.008702399998583132,296.0,3.2548189075139735,5.729331442079986,0.8600632199400784,0.27565828757768934,27.565828757768934,1.747353778436759,53.1269068950274,,,0.22094782236510518,0.2953353766402978,0.8608859735009328,0.11019483680088712,11.019483680088712,0.17391899384746345,1.5029143452563516,,,,,,,,,,,,,,
exploration_result,lgbm_log_1_learning_rate_estimators_3,LightGBM,log_target_price,stage_1_learning_rate_estimators,target_price,86,4377,1459.0,1460,5.034276700000191,0.028098600003431784,1100.0,3.2294591707743416,5.655231201719579,0.8636595533745665,0.2741962625509503,27.419626255095032,1.7409866753789522,50.783424170946404,,,0.21987290906630808,0.2944384153517137,0.8617296950608155,0.10973287216876494,10.973287216876495,0.17000833783830793,1.507414650887871,,,,,,,,,,,,,,
stage_best_result,lgbm_log_1_learning_rate_estimators_3,LightGBM,log_target_price,stage_1_learning_rate_estimators,target_price,86,4377,1459.0,1460,5.034276700000191,0.028098600003431784,1100.0,3.2294591707743416,5.655231201719579,0.8636595533745665,0.2741962625509503,27.419626255095032,1.7409866753789522,50.783424170946404,1.0,valid_mae,0.21987290906630808,0.2944384153517137,0.8617296950608155,0.10973287216876494,10.973287216876495,0.17000833783830793,1.507414650887871,,,,,,,,,,,,,,
exploration_result,lgbm_log_2_tree_complexity_0,LightGBM,log_target_price,stage_2_tree_complexity,target_price,86,4377,1459.0,1460,4.387298400000873,0.052385099999810336,2998.0,3.2651185808466874,5.673981534079968,0.8627539611502597,0.2765062007034953,27.65062007034953,1.8082261369086972,47.68216607495526,,,0.2224775236989191,0.2956109886009461,0.8606262052300522,0.11088494832322615,11.088494832322615,0.1693660615120668,1.4426124712988517,,,,,,,,,,,,,,
exploration_result,lgbm_log_2_tree_complexity_1,LightGBM,log_target_price,stage_2_tree_complexity,target_price,86,4377,1459.0,1460,5.607263300000341,0.0486455999998725,2152.0,3.207234667827999,5.49805096630551,0.8711330631552319,0.274717305831442,27.4717305831442,1.7604677313247379,46.674386287028256,,,0.21985864359441581,0.29410910278301095,0.8620388169908901,0.10998620214824946,10.998620214824946,0.1668768651003194,1.5018261248164664,,,,,,,,,,,,,,
exploration_result,lgbm_log_2_tree_complexity_2,LightGBM,log_target_price,stage_2_tree_complexity,target_price,86,4377,1459.0,1460,5.911770300001081,0.05122960000153398,1219.0,3.232543120074533,5.537396766601208,0.8692820379855637,0.275975675304718,27.5975675304718,1.7723752114577644,49.41065670021723,,,0.2210179818307246,0.2963274934838036,0.8599497552223381,0.11036346149860196,11.036346149860195,0.1729473083868842,1.5447166976889046,,,,,,,,,,,,,,
exploration_result,lgbm_log_2_tree_complexity_3,LightGBM,log_target_price,stage_2_tree_complexity,target_price,86,4377,1459.0,1460,10.774935299999925,0.027628300002106698,665.0,3.3168610780424546,5.727234937277142,0.8601656138955616,0.2802352221160812,28.02352221160812,1.8210196595771855,51.24439336003178,,,0.2251547113513928,0.303042731646099,0.8535303238275422,0.11181244346750524,11.181244346750525,0.17044494444681524,1.6998342650853315,,,,,,,,,,,,,,
stage_best_result,lgbm_log_2_tree_complexity_1,LightGBM,log_target_price,stage_2_tree_complexity,target_price,86,4377,1459.0,1460,5.607263300000341,0.0486455999998725,2152.0,3.207234667827999,5.49805096630551,0.8711330631552319,0.274717305831442,27.4717305831442,1.7604677313247379,46.674386287028256,2.0,valid_mae,0.21985864359441581,0.29410910278301095,0.8620388169908901,0.10998620214824946,10.998620214824946,0.1668768651003194,1.5018261248164664,,,,,,,,,,,,,,
exploration_result,lgbm_log_3_regularization_0,LightGBM,log_target_price,stage_3_regularization,target_price,86,4377,1459.0,1460,5.331455800002004,0.04890469999736524,2059.0,3.205327962644702,5.533309274198536,0.8694749486604263,0.2743568274668795,27.435682746687952,1.7353642950999166,48.6256752177986,,,0.219445189755653,0.29345645281239896,0.8626504298791401,0.10983467064051324,10.983467064051323,0.16889907238261315,1.4919331054870895,,,,,,,,,,,,,,
exploration_result,lgbm_log_3_regularization_1,LightGBM,log_target_price,stage_3_regularization,target_price,86,4377,1459.0,1460,5.846958000001905,0.05122699999992619,2226.0,3.2153228352579513,5.589940421882972,0.8667895359988265,0.27404768396261503,27.404768396261503,1.7398758713803657,50.024127556520085,,,0.2193718415733206,0.2936143297546086,0.862502604449341,0.10969252612338189,10.969252612338188,0.17164033572988924,1.5073792178765264,,,,,,,,,,,,,,
exploration_result,lgbm_log_3_regularization_2,LightGBM,log_target_price,stage_3_regularization,target_price,86,4377,1459.0,1460,6.27140750000035,0.05481020000297576,2345.0,3.2687223349433543,5.764049245899334,0.8583621427571905,0.2758434147611301,27.58434147611301,1.7617326833228775,54.45593817985906,,,0.22131802643543433,0.2951635562159499,0.8610477941286736,0.1104239914712867,11.04239914712867,0.1732379993177493,1.4755278500973676,,,,,,,,,,,,,,
exploration_result,lgbm_log_3_regularization_3,LightGBM,log_target_price,stage_3_regularization,target_price,86,4377,1459.0,1460,6.281067600000824,0.05746069999804604,2445.0,3.2473063139247773,5.6443064969898264,0.864185806109594,0.2755085046577126,27.55085046577126,1.7556921086808224,53.94718263186563,,,0.2204644794177305,0.2943906760467683,0.8617745288378063,0.11017345421855532,11.017345421855532,0.1695425375659041,1.5058345199505043,,,,,,,,,,,,,,
exploration_result,lgbm_log_3_regularization_4,LightGBM,log_target_price,stage_3_regularization,target_price,86,4377,1459.0,1460,6.313304600000265,0.05808389999947394,2450.0,3.257963188709665,5.755519640369305,0.8587810223046034,0.2749792876817473,27.497928768174727,1.7510820587121056,57.37648550111503,,,0.22097456051300748,0.2948271149600718,0.861364382068957,0.11024838584333614,11.024838584333613,0.17307063271918288,1.4956300905894115,,,,,,,,,,,,,,
stage_best_result,lgbm_log_3_regularization_0,LightGBM,log_target_price,stage_3_regularization,target_price,86,4377,1459.0,1460,5.331455800002004,0.04890469999736524,2059.0,3.205327962644702,5.533309274198536,0.8694749486604263,0.2743568274668795,27.435682746687952,1.7353642950999166,48.6256752177986,3.0,valid_mae,0.219445189755653,0.29345645281239896,0.8626504298791401,0.10983467064051324,10.983467064051323,0.16889907238261315,1.4919331054870895,,,,,,,,,,,,,,
exploration_result,lgbm_log_4_sampling_randomness_0,LightGBM,log_target_price,stage_4_sampling_randomness,target_price,86,4377,1459.0,1460,6.1388861000014,0.05149610000080429,2280.0,3.2039407638157003,5.535093711510932,0.8693907490191416,0.2737479847624987,27.374798476249868,1.7393026211553515,46.24913571577119,,,0.21890046655810705,0.29319659911037055,0.8628935664123305,0.1095369138431991,10.95369138431991,0.16819311404650694,1.5148866613884022,,,,,,,,,,,,,,
exploration_result,lgbm_log_4_sampling_randomness_1,LightGBM,log_target_price,stage_4_sampling_randomness,target_price,86,4377,1459.0,1460,5.497407099999691,0.046319699999003205,2059.0,3.205327962644702,5.533309274198536,0.8694749486604263,0.2743568274668795,27.435682746687952,1.7353642950999166,48.6256752177986,,,0.219445189755653,0.29345645281239896,0.8626504298791401,0.10983467064051324,10.983467064051323,0.16889907238261315,1.4919331054870895,,,,,,,,,,,,,,
exploration_result,lgbm_log_4_sampling_randomness_2,LightGBM,log_target_price,stage_4_sampling_randomness,target_price,86,4377,1459.0,1460,5.018148799998016,0.03987369999958901,1793.0,3.2189345196318984,5.597665182109192,0.8664211135045221,0.27463906339308314,27.463906339308313,1.7499444975715839,48.526468167701125,,,0.21992105734919667,0.29400612363282247,0.8621354113364206,0.10989870092046318,10.989870092046319,0.1705740592663738,1.4645338220320632,,,,,,,,,,,,,,
exploration_result,lgbm_log_4_sampling_randomness_3,LightGBM,log_target_price,stage_4_sampling_randomness,target_price,86,4377,1459.0,1460,4.557769799997914,0.034149499999330146,1590.0,3.23693681939996,5.6438831806241785,0.8642061771560854,0.2752549690339067,27.52549690339067,1.7478265046536183,49.789921988462,,,0.22067915159961218,0.2948143116633144,0.861376422714655,0.11008423051722999,11.008423051722998,0.17016417751314772,1.4746119015647714,,,,,,,,,,,,,,
stage_best_result,lgbm_log_4_sampling_randomness_0,LightGBM,log_target_price,stage_4_sampling_randomness,target_price,86,4377,1459.0,1460,6.1388861000014,0.05149610000080429,2280.0,3.2039407638157003,5.535093711510932,0.8693907490191416,0.2737479847624987,27.374798476249868,1.7393026211553515,46.24913571577119,4.0,valid_mae,0.21890046655810705,0.29319659911037055,0.8628935664123305,0.1095369138431991,10.95369138431991,0.16819311404650694,1.5148866613884022,,,,,,,,,,,,,,
exploration_result,catboost_price_1_learning_rate_iterations_0,CatBoost,target_price,stage_1_learning_rate_iterations,target_price,86,4377,1459.0,1460,1.8106444000004558,0.005608100000245031,486.0,3.2491452352978416,5.284154109130034,0.8809649296780733,0.30657869799869425,30.657869799869424,1.860055867840945,39.75134102393429,,,,,,,,,,,,,,,,,,,,,,,
exploration_result,catboost_price_1_learning_rate_iterations_1,CatBoost,target_price,stage_1_learning_rate_iterations,target_price,86,4377,1459.0,1460,2.6855443000022206,0.005202299998927629,666.0,3.262920607707538,5.298786563850144,0.8803047722214211,0.30885091754220545,30.885091754220547,1.8594694501257791,43.2745979984494,,,,,,,,,,,,,,,,,,,,,,,
exploration_result,catboost_price_1_learning_rate_iterations_2,CatBoost,target_price,stage_1_learning_rate_iterations,target_price,86,4377,1459.0,1460,4.445346500000596,0.004358400001365226,1364.0,3.2467785154265925,5.298080658589191,0.8803366617349402,0.30594993212827054,30.594993212827053,1.857787411439202,40.8593788772709,,,,,,,,,,,,,,,,,,,,,,,
exploration_result,catboost_price_1_learning_rate_iterations_3,CatBoost,target_price,stage_1_learning_rate_iterations,target_price,86,4377,1459.0,1460,8.976115600002231,0.006378199999744538,2993.0,3.2740241985176897,5.306619544655419,0.8799506294770438,0.3098853150742774,30.98853150742774,1.8712959715018904,41.009096566760846,,,,,,,,,,,,,,,,,,,,,,,
stage_best_result,catboost_price_1_learning_rate_iterations_2,CatBoost,target_price,stage_1_learning_rate_iterations,target_price,86,4377,1459.0,1460,4.445346500000596,0.004358400001365226,1364.0,3.2467785154265925,5.298080658589191,0.8803366617349402,0.30594993212827054,30.594993212827053,1.857787411439202,40.8593788772709,1.0,valid_mae,,,,,,,,,,,,,,,,,,,,,
exploration_result,catboost_price_2_tree_complexity_0,CatBoost,target_price,stage_2_tree_complexity,target_price,86,4377,1459.0,1460,2.784847599999921,0.005243999999947846,1498.0,3.3222346545981893,5.366587420131893,0.8772220439154055,0.31852406299153163,31.852406299153163,1.9541009135680998,40.094593676405395,,,,,,,,,,,,,,,,,,,,,,,
exploration_result,catboost_price_2_tree_complexity_1,CatBoost,target_price,stage_2_tree_complexity,target_price,86,4377,1459.0,1460,3.2548032000013336,0.004222999999910826,1485.0,3.2595279021308152,5.2600149992603145,0.8820499992794367,0.30864676817571485,30.864676817571485,1.8900777626571852,40.40476801875759,,,,,,,,,,,,,,,,,,,,,,,
exploration_result,catboost_price_2_tree_complexity_2,CatBoost,target_price,stage_2_tree_complexity,target_price,86,4377,1459.0,1460,4.4926061000005575,0.004412500002217712,1364.0,3.2467785154265925,5.298080658589191,0.8803366617349402,0.30594993212827054,30.594993212827053,1.857787411439202,40.8593788772709,,,,,,,,,,,,,,,,,,,,,,,
exploration_result,catboost_price_2_tree_complexity_3,CatBoost,target_price,stage_2_tree_complexity,target_price,86,4377,1459.0,1460,5.57792910000353,0.008660999999847263,1185.0,3.2502019722532336,5.325252543013178,0.8791060967742889,0.3046058239480865,30.46058239480865,1.8595248458477762,49.06334787549819,,,,,,,,,,,,,,,,,,,,,,,
exploration_result,catboost_price_2_tree_complexity_4,CatBoost,target_price,stage_2_tree_complexity,target_price,86,4377,1459.0,1460,7.532021600000007,0.013182300001062686,1059.0,3.265034001759763,5.359792728324022,0.8775327479767441,0.3045884885317455,30.45884885317455,1.9072906472073328,50.36039118483113,,,,,,,,,,,,,,,,,,,,,,,
stage_best_result,catboost_price_2_tree_complexity_2,CatBoost,target_price,stage_2_tree_complexity,target_price,86,4377,1459.0,1460,4.4926061000005575,0.004412500002217712,1364.0,3.2467785154265925,5.298080658589191,0.8803366617349402,0.30594993212827054,30.594993212827053,1.857787411439202,40.8593788772709,2.0,valid_mae,,,,,,,,,,,,,,,,,,,,,
exploration_result,catboost_price_3_regularization_0,CatBoost,target_price,stage_3_regularization,target_price,86,4377,1459.0,1460,4.5320503000002645,0.009003999999549706,1378.0,3.231944315026841,5.238781591302621,0.8830003484679346,0.30214536581812534,30.214536581812535,1.8503736521047909,41.592177452435834,,,,,,,,,,,,,,,,,,,,,,,
exploration_result,catboost_price_3_regularization_1,CatBoost,target_price,stage_3_regularization,target_price,86,4377,1459.0,1460,4.559498800001165,0.006613000001379987,1364.0,3.2467785154265925,5.298080658589191,0.8803366617349402,0.30594993212827054,30.594993212827053,1.857787411439202,40.8593788772709,,,,,,,,,,,,,,,,,,,,,,,
exploration_result,catboost_price_3_regularization_2,CatBoost,target_price,stage_3_regularization,target_price,86,4377,1459.0,1460,5.025444499999139,0.005021199998736847,1497.0,3.2577991362507226,5.288098384151302,0.8807871595854675,0.30626942317029054,30.626942317029055,1.813092134967654,39.572420947332276,,,,,,,,,,,,,,,,,,,,,,,
exploration_result,catboost_price_3_regularization_3,CatBoost,target_price,stage_3_regularization,target_price,86,4377,1459.0,1460,4.594666699998925,0.0058482999993429985,1499.0,3.2734369520939497,5.271441203291991,0.8815370028014171,0.3122675932119054,31.22675932119054,1.8774796425356772,40.021179314586476,,,,,,,,,,,,,,,,,,,,,,,
exploration_result,catboost_price_3_regularization_4,CatBoost,target_price,stage_3_regularization,target_price,86,4377,1459.0,1460,4.4796385999979975,0.005329100000381004,1499.0,3.352111818978781,5.450525362565676,0.8733513069523856,0.320280017339852,32.0280017339852,1.9230816113890814,48.98569644559768,,,,,,,,,,,,,,,,,,,,,,,
stage_best_result,catboost_price_3_regularization_0,CatBoost,target_price,stage_3_regularization,target_price,86,4377,1459.0,1460,4.5320503000002645,0.009003999999549706,1378.0,3.231944315026841,5.238781591302621,0.8830003484679346,0.30214536581812534,30.214536581812535,1.8503736521047909,41.592177452435834,3.0,valid_mae,,,,,,,,,,,,,,,,,,,,,
exploration_result,catboost_price_4_sampling_randomness_0,CatBoost,target_price,stage_4_sampling_randomness,target_price,86,4377,1459.0,1460,3.936334399997577,0.004268100001354469,1174.0,3.2401219900443463,5.274800561613015,0.8813859676499609,0.30339423768519286,30.339423768519286,1.871080011823011,42.80989863989857,,,,,,,,,,,,,,,,,,,,,,,
exploration_result,catboost_price_4_sampling_randomness_1,CatBoost,target_price,stage_4_sampling_randomness,target_price,86,4377,1459.0,1460,4.359336400000757,0.004239500001858687,1378.0,3.231944315026841,5.238781591302621,0.8830003484679346,0.30214536581812534,30.214536581812535,1.8503736521047909,41.592177452435834,,,,,,,,,,,,,,,,,,,,,,,
exploration_result,catboost_price_4_sampling_randomness_2,CatBoost,target_price,stage_4_sampling_randomness,target_price,86,4377,1459.0,1460,4.6994344999984605,0.005475099998875521,1395.0,3.238138800436474,5.239053304340443,0.8829882116171798,0.3025217521198465,30.25217521198465,1.8646949513882962,42.459108566062156,,,,,,,,,,,,,,,,,,,,,,,
exploration_result,catboost_price_4_sampling_randomness_3,CatBoost,target_price,stage_4_sampling_randomness,target_price,86,4377,1459.0,1460,5.145095700001548,0.005848400000104448,1429.0,3.2456420515925006,5.265102841709096,0.8818217104800404,0.30443443297337885,30.443443297337886,1.857729891031549,39.53758909520576,,,,,,,,,,,,,,,,,,,,,,,
stage_best_result,catboost_price_4_sampling_randomness_1,CatBoost,target_price,stage_4_sampling_randomness,target_price,86,4377,1459.0,1460,4.359336400000757,0.004239500001858687,1378.0,3.231944315026841,5.238781591302621,0.8830003484679346,0.30214536581812534,30.214536581812535,1.8503736521047909,41.592177452435834,4.0,valid_mae,,,,,,,,,,,,,,,,,,,,,
exploration_result,catboost_log_1_learning_rate_iterations_0,CatBoost,log_target_price,stage_1_learning_rate_iterations,target_price,86,4377,1459.0,1460,1.7446736000019882,0.0041906000005837996,496.0,3.1989709000317257,5.545382231314748,0.868904750108544,0.27276478499343304,27.276478499343305,1.8221476738344577,60.32067212857165,,,0.22032781660985476,0.29302294953397934,0.8630559245279626,0.11027267269644152,11.027267269644152,0.1687255875651139,1.5720400088749242,,,,,,,,,,,,,,
exploration_result,catboost_log_1_learning_rate_iterations_1,CatBoost,log_target_price,stage_1_learning_rate_iterations,target_price,86,4377,1459.0,1460,3.094186099999206,0.006056499998521758,786.0,3.1980745687375416,5.460959426167996,0.8728659499340227,0.27214288268936804,27.214288268936805,1.7986905029715707,48.25902946748943,,,0.2196843406499427,0.29155359444484563,0.8644258852762898,0.10966404583386692,10.966404583386693,0.16560188341365278,1.510828411200029,,,,,,,,,,,,,,
exploration_result,catboost_log_1_learning_rate_iterations_2,CatBoost,log_target_price,stage_1_learning_rate_iterations,target_price,86,4377,1459.0,1460,4.723679999999149,0.005116600001201732,1475.0,3.205112958023376,5.472506799213416,0.8723277234713749,0.2719011968878273,27.190119688782733,1.7770739870937076,47.93704523897824,,,0.21942840866923422,0.2909756332446864,0.8649628631388551,0.10948216103560636,10.948216103560636,0.16696800780905408,1.5334966596520183,,,,,,,,,,,,,,
exploration_result,catboost_log_1_learning_rate_iterations_3,CatBoost,log_target_price,stage_1_learning_rate_iterations,target_price,86,4377,1459.0,1460,9.061601199999131,0.01518239999859361,2994.0,3.226615047542328,5.593173058076907,0.8666354214831538,0.2730440300747698,27.304403007476978,1.7864216128809964,51.54813416560274,,,0.22068817155073783,0.2920120648329731,0.8639991672446616,0.11011030644564333,11.011030644564332,0.167883882239952,1.4758309127909581,,,,,,,,,,,,,,
stage_best_result,catboost_log_1_learning_rate_iterations_1,CatBoost,log_target_price,stage_1_learning_rate_iterations,target_price,86,4377,1459.0,1460,3.094186099999206,0.006056499998521758,786.0,3.1980745687375416,5.460959426167996,0.8728659499340227,0.27214288268936804,27.214288268936805,1.7986905029715707,48.25902946748943,1.0,valid_mae,0.2196843406499427,0.29155359444484563,0.8644258852762898,0.10966404583386692,10.966404583386693,0.16560188341365278,1.510828411200029,,,,,,,,,,,,,,
exploration_result,catboost_log_2_tree_complexity_0,CatBoost,log_target_price,stage_2_tree_complexity,target_price,86,4377,1459.0,1460,1.8533467000015662,0.004578399999445537,999.0,3.2462474485514594,5.597461127566176,0.8664308521655317,0.27705218266393694,27.705218266393693,1.8103839328991533,46.0996859985253,,,0.2231196417129006,0.29462203884730287,0.8615571795709165,0.11163807521445229,11.163807521445229,0.17145334240232757,1.4624331323064546,,,,,,,,,,,,,,
exploration_result,catboost_log_2_tree_complexity_1,CatBoost,log_target_price,stage_2_tree_complexity,target_price,86,4377,1459.0,1460,3.4468847999996797,0.006787700000131736,990.0,3.2132841644466352,5.477913388493708,0.8720753299831417,0.2728225944913791,27.282259449137907,1.8069209676630358,44.78362124362269,,,0.22026289101787802,0.29120790281143166,0.8647471919131066,0.1099102073531792,10.991020735317921,0.16671965721396598,1.4889192666895283,,,,,,,,,,,,,,
exploration_result,catboost_log_2_tree_complexity_2,CatBoost,log_target_price,stage_2_tree_complexity,target_price,86,4377,1459.0,1460,3.503852999998344,0.005262500002572779,786.0,3.1980745687375416,5.460959426167996,0.8728659499340227,0.27214288268936804,27.214288268936805,1.7986905029715707,48.25902946748943,,,0.2196843406499427,0.29155359444484563,0.8644258852762898,0.10966404583386692,10.966404583386693,0.16560188341365278,1.510828411200029,,,,,,,,,,,,,,
exploration_result,catboost_log_2_tree_complexity_3,CatBoost,log_target_price,stage_2_tree_complexity,target_price,86,4377,1459.0,1460,4.267213700000866,0.00811710000198218,640.0,3.240208137857835,5.6415804892188035,0.8643169616886847,0.27188729716685095,27.188729716685096,1.783550560733303,57.00930569821942,,,0.22037645635471456,0.29151329073018867,0.8644633656083011,0.10976092197306231,10.976092197306231,0.16805697300434508,1.545968765841125,,,,,,,,,,,,,,
exploration_result,catboost_log_2_tree_complexity_4,CatBoost,log_target_price,stage_2_tree_complexity,target_price,86,4377,1459.0,1460,5.087029199999961,0.0038218999980017543,614.0,3.2290846849200103,5.679637388982839,0.8624802096200604,0.2718357525156951,27.183575251569508,1.7511274796673497,58.78283890541733,,,0.22058429660436016,0.29437899631746123,0.8617854966040577,0.10977883115346557,10.977883115346557,0.1693133835494267,1.565799044893113,,,,,,,,,,,,,,
stage_best_result,catboost_log_2_tree_complexity_2,CatBoost,log_target_price,stage_2_tree_complexity,target_price,86,4377,1459.0,1460,3.503852999998344,0.005262500002572779,786.0,3.1980745687375416,5.460959426167996,0.8728659499340227,0.27214288268936804,27.214288268936805,1.7986905029715707,48.25902946748943,2.0,valid_mae,0.2196843406499427,0.29155359444484563,0.8644258852762898,0.10966404583386692,10.966404583386693,0.16560188341365278,1.510828411200029,,,,,,,,,,,,,,
exploration_result,catboost_log_3_regularization_0,CatBoost,log_target_price,stage_3_regularization,target_price,86,4377,1459.0,1460,3.1127529999976105,0.003967399999964982,886.0,3.1944153030593907,5.4431486145417365,0.8736938879781676,0.2709534852371639,27.09534852371639,1.7848573461957251,47.30342051599748,,,0.2190323825354033,0.2904224080920585,0.8654758608870929,0.1091257020876236,10.912570208762359,0.16840142921572632,1.5495442973145201,,,,,,,,,,,,,,
exploration_result,catboost_log_3_regularization_1,CatBoost,log_target_price,stage_3_regularization,target_price,86,4377,1459.0,1460,2.7251843999983976,0.00406479999946896,786.0,3.1980745687375416,5.460959426167996,0.8728659499340227,0.27214288268936804,27.214288268936805,1.7986905029715707,48.25902946748943,,,0.2196843406499427,0.29155359444484563,0.8644258852762898,0.10966404583386692,10.966404583386693,0.16560188341365278,1.510828411200029,,,,,,,,,,,,,,
exploration_result,catboost_log_3_regularization_2,CatBoost,log_target_price,stage_3_regularization,target_price,86,4377,1459.0,1460,3.0445155999987037,0.005189200001041172,954.0,3.2042983018387736,5.494400403114577,0.8713041349478032,0.271612694626358,27.1612694626358,1.8094338202996116,49.914135585961034,,,0.21948067977262803,0.2907223561042574,0.8651978445643469,0.10957341979740133,10.957341979740134,0.16867333107534277,1.5269773695744815,,,,,,,,,,,,,,
exploration_result,catboost_log_3_regularization_3,CatBoost,log_target_price,stage_3_regularization,target_price,86,4377,1459.0,1460,3.0849611000012374,0.005281900001136819,999.0,3.2415686877995618,5.598951438225144,0.8663597177637907,0.2735222244772697,27.35222244772697,1.7806559638713928,53.076993545460816,,,0.22107021855025075,0.29305738780774965,0.8630237332289075,0.11015760630446644,11.015760630446644,0.16797125082931652,1.5034188757084948,,,,,,,,,,,,,,
exploration_result,catboost_log_3_regularization_4,CatBoost,log_target_price,stage_3_regularization,target_price,86,4377,1459.0,1460,3.2211059000001114,0.004047200000059092,994.0,3.252036891770915,5.683836673171937,0.8622767817862864,0.2739033370794544,27.39033370794544,1.7515044443890497,57.20710512448795,,,0.2219976678808138,0.29479434987027064,0.8613951944049628,0.11044277323575175,11.044277323575175,0.1685132688615909,1.508423935682932,,,,,,,,,,,,,,
stage_best_result,catboost_log_3_regularization_0,CatBoost,log_target_price,stage_3_regularization,target_price,86,4377,1459.0,1460,3.1127529999976105,0.003967399999964982,886.0,3.1944153030593907,5.4431486145417365,0.8736938879781676,0.2709534852371639,27.09534852371639,1.7848573461957251,47.30342051599748,3.0,valid_mae,0.2190323825354033,0.2904224080920585,0.8654758608870929,0.1091257020876236,10.912570208762359,0.16840142921572632,1.5495442973145201,,,,,,,,,,,,,,
exploration_result,catboost_log_4_sampling_randomness_0,CatBoost,log_target_price,stage_4_sampling_randomness,target_price,86,4377,1459.0,1460,2.7831445000010717,0.0048124999993888196,786.0,3.208074289726713,5.547817463004735,0.868789584952495,0.2710894799786851,27.10894799786851,1.7737491124915792,48.999357261107555,,,0.21909840108311643,0.2911246834893416,0.8648244840374738,0.10925995851568847,10.925995851568846,0.17137008194756986,1.5345075216857356,,,,,,,,,,,,,,
exploration_result,catboost_log_4_sampling_randomness_1,CatBoost,log_target_price,stage_4_sampling_randomness,target_price,86,4377,1459.0,1460,2.992420699996728,0.004579099997499725,886.0,3.1944153030593907,5.4431486145417365,0.8736938879781676,0.2709534852371639,27.09534852371639,1.7848573461957251,47.30342051599748,,,0.2190323825354033,0.2904224080920585,0.8654758608870929,0.1091257020876236,10.912570208762359,0.16840142921572632,1.5495442973145201,,,,,,,,,,,,,,
exploration_result,catboost_log_4_sampling_randomness_2,CatBoost,log_target_price,stage_4_sampling_randomness,target_price,86,4377,1459.0,1460,2.605376300001808,0.004070099999808008,743.0,3.218368601743804,5.545222199825941,0.8689123164274825,0.27165366620101544,27.165366620101544,1.748130928446594,49.854359574401876,,,0.21947571133810165,0.29118101142351127,0.8647721704096385,0.10953006357114971,10.95300635711497,0.17064469162786944,1.5005339466595058,,,,,,,,,,,,,,
exploration_result,catboost_log_4_sampling_randomness_3,CatBoost,log_target_price,stage_4_sampling_randomness,target_price,86,4377,1459.0,1460,3.316396000001987,0.004808099998626858,958.0,3.17901541804647,5.443190619507409,0.8736919385533966,0.26999927754439224,26.999927754439224,1.7747220847030807,44.63437326800247,,,0.2177805661830251,0.2897637767536901,0.8660853272642393,0.10876744683898737,10.876744683898737,0.16752594498408513,1.5391831237366773,,,,,,,,,,,,,,
stage_best_result,catboost_log_4_sampling_randomness_3,CatBoost,log_target_price,stage_4_sampling_randomness,target_price,86,4377,1459.0,1460,3.316396000001987,0.004808099998626858,958.0,3.17901541804647,5.443190619507409,0.8736919385533966,0.26999927754439224,26.999927754439224,1.7747220847030807,44.63437326800247,4.0,valid_mae,0.2177805661830251,0.2897637767536901,0.8660853272642393,0.10876744683898737,10.876744683898737,0.16752594498408513,1.5391831237366773,,,,,,,,,,,,,,
final_candidate_result,final_finetuned_candidate,CatBoost,log_target_price,,target_price,86,5836,,1460,3.1237122000020463,0.005041000000346685,,,,,,,,,,,,,,,,,,3.2638046395984968,5.631857644940522,0.8634524361128885,0.2797508035761374,27.97508035761374,1.77164416143679,49.671173942388975,0.22301472559927707,0.29773268506661205,0.8575578635923988,0.11040890323793699,11.040890323793699,0.16927458591147226,1.3962566122019502
