experiment_type,experiment_name,model_name,target_used,tuning_stage,evaluation_scale,n_features,train_rows,valid_rows,test_rows,train_time_sec,predict_time_sec,best_iteration,valid_mae,valid_rmse,valid_r2,valid_mape,valid_mape_pct,valid_median_ae,valid_max_error,stage_number,stage_best_rank_metric,valid_log_scale_mae,valid_log_scale_rmse,valid_log_scale_r2,valid_log_scale_mape,valid_log_scale_mape_pct,valid_log_scale_median_ae,valid_log_scale_max_error
stage_best_result,lgbm_price_1_learning_rate_estimators_3,LightGBM,target_price,stage_1_learning_rate_estimators,target_price,86,4377,1459,1460,2.942390799998975,0.01716850000229897,926,3.2901824178932095,5.436039511419181,0.8740236003803562,0.3075494819048062,30.75494819048062,1.8920950727286634,52.32407819284845,1,valid_mae,,,,,,,
stage_best_result,lgbm_price_2_tree_complexity_2,LightGBM,target_price,stage_2_tree_complexity,target_price,86,4377,1459,1460,1.5419264000011026,0.02490369999941322,1250,3.2820033158320103,5.446828359524127,0.8735230561982088,0.3043016218040172,30.43016218040172,1.8870171784902787,51.4480591685614,2,valid_mae,,,,,,,
stage_best_result,lgbm_price_3_regularization_1,LightGBM,target_price,stage_3_regularization,target_price,86,4377,1459,1460,1.6495383000001311,0.03508019999935641,1235,3.280444628944831,5.441294471798995,0.8737799226212134,0.30448711986620924,30.448711986620925,1.85995640937006,52.02505666669748,3,valid_mae,,,,,,,
stage_best_result,lgbm_price_4_sampling_randomness_0,LightGBM,target_price,stage_4_sampling_randomness,target_price,86,4377,1459,1460,6.117096400001174,0.045830799997929716,1492,3.2739087557687174,5.452486263669648,0.8732601633585672,0.30239149157608386,30.239149157608384,1.8516498853961716,51.56126129355167,4,valid_mae,,,,,,,
stage_best_result,lgbm_log_1_learning_rate_estimators_3,LightGBM,log_target_price,stage_1_learning_rate_estimators,target_price,86,4377,1459,1460,5.034276700000191,0.028098600003431784,1100,3.2294591707743416,5.655231201719579,0.8636595533745665,0.2741962625509503,27.419626255095032,1.7409866753789522,50.783424170946404,1,valid_mae,0.21987290906630808,0.2944384153517137,0.8617296950608155,0.10973287216876494,10.973287216876495,0.17000833783830793,1.507414650887871
stage_best_result,lgbm_log_2_tree_complexity_1,LightGBM,log_target_price,stage_2_tree_complexity,target_price,86,4377,1459,1460,5.607263300000341,0.0486455999998725,2152,3.207234667827999,5.49805096630551,0.8711330631552319,0.274717305831442,27.4717305831442,1.7604677313247379,46.674386287028256,2,valid_mae,0.21985864359441581,0.29410910278301095,0.8620388169908901,0.10998620214824946,10.998620214824946,0.1668768651003194,1.5018261248164664
stage_best_result,lgbm_log_3_regularization_0,LightGBM,log_target_price,stage_3_regularization,target_price,86,4377,1459,1460,5.331455800002004,0.04890469999736524,2059,3.205327962644702,5.533309274198536,0.8694749486604263,0.2743568274668795,27.435682746687952,1.7353642950999166,48.6256752177986,3,valid_mae,0.219445189755653,0.29345645281239896,0.8626504298791401,0.10983467064051324,10.983467064051323,0.16889907238261315,1.4919331054870895
stage_best_result,lgbm_log_4_sampling_randomness_0,LightGBM,log_target_price,stage_4_sampling_randomness,target_price,86,4377,1459,1460,6.1388861000014,0.05149610000080429,2280,3.2039407638157003,5.535093711510932,0.8693907490191416,0.2737479847624987,27.374798476249868,1.7393026211553515,46.24913571577119,4,valid_mae,0.21890046655810705,0.29319659911037055,0.8628935664123305,0.1095369138431991,10.95369138431991,0.16819311404650694,1.5148866613884022
stage_best_result,catboost_price_1_learning_rate_iterations_2,CatBoost,target_price,stage_1_learning_rate_iterations,target_price,86,4377,1459,1460,4.445346500000596,0.004358400001365226,1364,3.2467785154265925,5.298080658589191,0.8803366617349402,0.30594993212827054,30.594993212827053,1.857787411439202,40.8593788772709,1,valid_mae,,,,,,,
stage_best_result,catboost_price_2_tree_complexity_2,CatBoost,target_price,stage_2_tree_complexity,target_price,86,4377,1459,1460,4.4926061000005575,0.004412500002217712,1364,3.2467785154265925,5.298080658589191,0.8803366617349402,0.30594993212827054,30.594993212827053,1.857787411439202,40.8593788772709,2,valid_mae,,,,,,,
stage_best_result,catboost_price_3_regularization_0,CatBoost,target_price,stage_3_regularization,target_price,86,4377,1459,1460,4.5320503000002645,0.009003999999549706,1378,3.231944315026841,5.238781591302621,0.8830003484679346,0.30214536581812534,30.214536581812535,1.8503736521047909,41.592177452435834,3,valid_mae,,,,,,,
stage_best_result,catboost_price_4_sampling_randomness_1,CatBoost,target_price,stage_4_sampling_randomness,target_price,86,4377,1459,1460,4.359336400000757,0.004239500001858687,1378,3.231944315026841,5.238781591302621,0.8830003484679346,0.30214536581812534,30.214536581812535,1.8503736521047909,41.592177452435834,4,valid_mae,,,,,,,
stage_best_result,catboost_log_1_learning_rate_iterations_1,CatBoost,log_target_price,stage_1_learning_rate_iterations,target_price,86,4377,1459,1460,3.094186099999206,0.006056499998521758,786,3.1980745687375416,5.460959426167996,0.8728659499340227,0.27214288268936804,27.214288268936805,1.7986905029715707,48.25902946748943,1,valid_mae,0.2196843406499427,0.29155359444484563,0.8644258852762898,0.10966404583386692,10.966404583386693,0.16560188341365278,1.510828411200029
stage_best_result,catboost_log_2_tree_complexity_2,CatBoost,log_target_price,stage_2_tree_complexity,target_price,86,4377,1459,1460,3.503852999998344,0.005262500002572779,786,3.1980745687375416,5.460959426167996,0.8728659499340227,0.27214288268936804,27.214288268936805,1.7986905029715707,48.25902946748943,2,valid_mae,0.2196843406499427,0.29155359444484563,0.8644258852762898,0.10966404583386692,10.966404583386693,0.16560188341365278,1.510828411200029
stage_best_result,catboost_log_3_regularization_0,CatBoost,log_target_price,stage_3_regularization,target_price,86,4377,1459,1460,3.1127529999976105,0.003967399999964982,886,3.1944153030593907,5.4431486145417365,0.8736938879781676,0.2709534852371639,27.09534852371639,1.7848573461957251,47.30342051599748,3,valid_mae,0.2190323825354033,0.2904224080920585,0.8654758608870929,0.1091257020876236,10.912570208762359,0.16840142921572632,1.5495442973145201
stage_best_result,catboost_log_4_sampling_randomness_3,CatBoost,log_target_price,stage_4_sampling_randomness,target_price,86,4377,1459,1460,3.316396000001987,0.004808099998626858,958,3.17901541804647,5.443190619507409,0.8736919385533966,0.26999927754439224,26.999927754439224,1.7747220847030807,44.63437326800247,4,valid_mae,0.2177805661830251,0.2897637767536901,0.8660853272642393,0.10876744683898737,10.876744683898737,0.16752594498408513,1.5391831237366773
