sample_id,actual_price,predicted_price,model_name,target_used,residual,absolute_error,squared_error,percentage_error,absolute_percentage_error,prediction_ratio,price_segment,issue_type,ram_gb,storage_gb,screen_size_inch,brand_is_rare,model_is_rare,ram_missing,storage_missing,screen_missing,no_info_brand,no_info_model,no_info_cpu_brand,no_info_cpu_tier,no_info_gpu,storage_ssd,storage_hdd,no_info_storage,no_info_condition,condition_score,warranty_encoded,cpu_tier_encoded,brand_ASUS,brand_Acer,brand_Apple,brand_Dell,brand_Gigabyte,brand_HP,brand_LG,brand_Lenovo,brand_MSI,brand_Microsoft,brand_Other,brand_Sony,brand_Toshiba,model_Aspire,model_Elitebook,model_Elitebook 800,model_Gaming Thin GF,model_Inspiron,model_Latitude,model_Latitude 14 7000,model_Latitude E Series,model_Legion,model_Legion 5,model_MacBook Air,model_MacBook Air M1,model_MacBook Air M2,model_MacBook Pro,model_MacBook Pro M1,model_MacBook Pro M2,model_Macbook air m4,model_Nitro 5,model_Other,model_Pavilion 15,model_Precision,model_ProBook,model_ROG Strix,model_TUF Gaming,model_TUF Gaming F15,model_ThinkPad,model_ThinkPad X1 Carbon,model_Vivobook 15,model_Vostro,model_X Series,model_XPS 13,cpu_brand_AMD,cpu_brand_Apple,cpu_brand_Intel,cpu_brand_Microsoft SQ,cpu_brand_Other,cpu_brand_Qualcomm,gpu_tier_ord_filled,gpu_type_Apple SoC,gpu_type_Dedicated,gpu_type_Integrated,gpu_type_Missing_Info
696,1.0,14.848442924669008,CatBoost,target_price,-13.848442924669008,13.848442924669008,191.77937143781512,-13.848442910820564,13.848442910820564,14.848442909820564,Low,extreme_error,,,,,,,,,,,,,,,,,,,,,,,,,,,,,,,,,,,,,,,,,,,,,,,,,,,,,,,,,,,,,,,,,,,,,,,,,,,
2299,2.7,26.381412827080496,CatBoost,target_price,-23.681412827080496,23.681412827080496,560.8093134866127,-8.770893636410964,8.770893636410964,9.770893636040592,Low,extreme_error,,,,,,,,,,,,,,,,,,,,,,,,,,,,,,,,,,,,,,,,,,,,,,,,,,,,,,,,,,,,,,,,,,,,,,,,,,,
3647,3.5,18.198750055411807,CatBoost,target_price,-14.698750055411807,14.698750055411807,216.0532531914686,-4.199642871774904,4.199642871774904,5.19964287148919,Low,extreme_error,16.0,1024.0,15.95,0.0,0.0,0.0,0.0,0.0,0.0,1.0,0.0,0.0,0.0,0.0,0.0,1.0,0.0,2.0,1.0,5.0,1.0,0.0,0.0,0.0,0.0,0.0,0.0,0.0,0.0,0.0,0.0,0.0,0.0,0.0,0.0,0.0,0.0,0.0,0.0,0.0,0.0,0.0,0.0,0.0,0.0,0.0,0.0,0.0,0.0,0.0,0.0,1.0,0.0,0.0,0.0,0.0,0.0,0.0,0.0,0.0,0.0,0.0,0.0,0.0,0.0,0.0,1.0,0.0,0.0,0.0,2.0,0.0,1.0,0.0,0.0
373,1.3,6.518124087470865,CatBoost,target_price,-5.218124087470865,5.218124087470865,27.22881899224365,-4.013941602659171,4.013941602659171,5.0139416018899405,Low,extreme_error,16.0,0.0,0.0,0.0,0.0,0.0,1.0,1.0,0.0,0.0,0.0,0.0,1.0,1.0,0.0,0.0,0.0,2.0,1.0,6.0,0.0,0.0,0.0,1.0,0.0,0.0,0.0,0.0,0.0,0.0,0.0,0.0,0.0,0.0,0.0,0.0,0.0,0.0,0.0,0.0,0.0,0.0,0.0,0.0,0.0,0.0,0.0,0.0,0.0,0.0,0.0,0.0,0.0,1.0,0.0,0.0,0.0,0.0,0.0,0.0,0.0,0.0,0.0,0.0,0.0,0.0,1.0,0.0,0.0,0.0,-1.0,0.0,0.0,0.0,1.0
3169,2.2,9.401815593680327,CatBoost,target_price,-7.201815593680327,7.201815593680327,51.86614784537712,-3.273552541093988,3.273552541093988,4.273552540639442,Low,extreme_error,,,,,,,,,,,,,,,,,,,,,,,,,,,,,,,,,,,,,,,,,,,,,,,,,,,,,,,,,,,,,,,,,,,,,,,,,,,
2794,1.35,5.765031714378168,CatBoost,target_price,-4.415031714378168,4.415031714378168,19.492505038965025,-3.270393860079833,3.270393860079833,4.270393859339091,Low,extreme_error,,,,,,,,,,,,,,,,,,,,,,,,,,,,,,,,,,,,,,,,,,,,,,,,,,,,,,,,,,,,,,,,,,,,,,,,,,,
2650,1.3,5.53061080274178,CatBoost,target_price,-4.23061080274178,4.23061080274178,17.89806776427545,-3.2543159996057414,3.2543159996057414,4.254315998836511,Low,extreme_error,0.0,0.0,0.0,0.0,0.0,1.0,1.0,1.0,0.0,0.0,1.0,1.0,1.0,0.0,0.0,1.0,0.0,2.0,1.0,0.0,0.0,0.0,0.0,1.0,0.0,0.0,0.0,0.0,0.0,0.0,0.0,0.0,0.0,0.0,0.0,0.0,0.0,0.0,1.0,0.0,0.0,0.0,0.0,0.0,0.0,0.0,0.0,0.0,0.0,0.0,0.0,0.0,0.0,0.0,0.0,0.0,0.0,0.0,0.0,0.0,0.0,0.0,0.0,0.0,0.0,0.0,0.0,0.0,1.0,0.0,-1.0,0.0,0.0,0.0,1.0
2155,2.889,11.683005572594,CatBoost,target_price,-8.794005572594001,8.794005572594001,77.33453401081434,-3.043961775545185,3.043961775545185,4.043961775199044,Low,extreme_error,,,,,,,,,,,,,,,,,,,,,,,,,,,,,,,,,,,,,,,,,,,,,,,,,,,,,,,,,,,,,,,,,,,,,,,,,,,
4557,3.2,12.67085909206034,CatBoost,target_price,-9.47085909206034,9.47085909206034,89.69717194166202,-2.959643465343968,2.959643465343968,3.9596434650314674,Low,extreme_error,,,,,,,,,,,,,,,,,,,,,,,,,,,,,,,,,,,,,,,,,,,,,,,,,,,,,,,,,,,,,,,,,,,,,,,,,,,
2415,2.25,8.326844306121803,CatBoost,target_price,-6.076844306121803,6.076844306121803,36.92803672084498,-2.700819690409326,2.700819690409326,3.700819689964881,Low,extreme_error,,,,,,,,,,,,,,,,,,,,,,,,,,,,,,,,,,,,,,,,,,,,,,,,,,,,,,,,,,,,,,,,,,,,,,,,,,,
5823,7.29,25.006852879552905,CatBoost,target_price,-17.716852879552906,17.716852879552906,313.88687595572213,-2.4302953192212087,2.4302953192212087,3.4302953190840344,Mid,extreme_error,8.0,256.0,13.3,0.0,0.0,0.0,0.0,0.0,0.0,1.0,0.0,0.0,1.0,1.0,0.0,0.0,1.0,2.0,2.0,6.0,0.0,0.0,0.0,1.0,0.0,0.0,0.0,0.0,0.0,0.0,0.0,0.0,0.0,0.0,0.0,0.0,0.0,0.0,0.0,0.0,0.0,0.0,0.0,0.0,0.0,0.0,0.0,0.0,0.0,0.0,0.0,1.0,0.0,0.0,0.0,0.0,0.0,0.0,0.0,0.0,0.0,0.0,0.0,0.0,0.0,0.0,1.0,0.0,0.0,0.0,-1.0,0.0,0.0,0.0,1.0
3817,5.2,17.671508173535642,CatBoost,target_price,-12.471508173535645,12.471508173535645,155.53851612256634,-2.398366955987937,2.398366955987937,3.398366955795629,Low,extreme_error,,,,,,,,,,,,,,,,,,,,,,,,,,,,,,,,,,,,,,,,,,,,,,,,,,,,,,,,,,,,,,,,,,,,,,,,,,,
221,1.2,3.826524821736827,CatBoost,target_price,-2.626524821736827,2.626524821736827,6.89863263919967,-2.1887706829567133,2.1887706829567133,3.1887706821233803,Low,extreme_error,,,,,,,,,,,,,,,,,,,,,,,,,,,,,,,,,,,,,,,,,,,,,,,,,,,,,,,,,,,,,,,,,,,,,,,,,,,
157,2.05,6.195447653343248,CatBoost,target_price,-4.145447653343248,4.145447653343248,17.18473624660904,-2.022169586010282,2.022169586010282,3.022169585522477,Low,extreme_error,,,,,,,,,,,,,,,,,,,,,,,,,,,,,,,,,,,,,,,,,,,,,,,,,,,,,,,,,,,,,,,,,,,,,,,,,,,
4743,2.499,7.529617057547689,CatBoost,target_price,-5.030617057547689,5.030617057547689,25.307107979689764,-2.0130520430310668,2.0130520430310668,3.013052042630907,Low,extreme_error,8.0,1024.0,13.95,0.0,0.0,0.0,0.0,0.0,0.0,0.0,0.0,0.0,1.0,0.0,0.0,1.0,0.0,2.0,1.0,6.0,0.0,0.0,1.0,0.0,0.0,0.0,0.0,0.0,0.0,0.0,0.0,0.0,0.0,0.0,0.0,0.0,0.0,0.0,0.0,0.0,0.0,0.0,0.0,1.0,0.0,0.0,0.0,0.0,0.0,0.0,0.0,0.0,0.0,0.0,0.0,0.0,0.0,0.0,0.0,0.0,0.0,0.0,0.0,0.0,0.0,0.0,1.0,0.0,0.0,0.0,-1.0,0.0,0.0,0.0,1.0
4857,2.1,6.244914151806952,CatBoost,target_price,-4.144914151806953,4.144914151806953,17.18031332584955,-1.9737686427777064,1.9737686427777064,2.973768642301516,Low,extreme_error,,,,,,,,,,,,,,,,,,,,,,,,,,,,,,,,,,,,,,,,,,,,,,,,,,,,,,,,,,,,,,,,,,,,,,,,,,,
2523,1.65,4.899191831047657,CatBoost,target_price,-3.249191831047657,3.249191831047657,10.55724755494683,-1.9692071691384547,1.9692071691384547,2.969207168532394,Low,extreme_error,,,,,,,,,,,,,,,,,,,,,,,,,,,,,,,,,,,,,,,,,,,,,,,,,,,,,,,,,,,,,,,,,,,,,,,,,,,
2882,6.2,17.98451447443771,CatBoost,target_price,-11.78451447443771,11.78451447443771,138.8747813982319,-1.9007281407317715,1.9007281407317715,2.900728140570481,Mid,extreme_error,,,,,,,,,,,,,,,,,,,,,,,,,,,,,,,,,,,,,,,,,,,,,,,,,,,,,,,,,,,,,,,,,,,,,,,,,,,
6957,12.89,37.29417505884379,CatBoost,target_price,-24.40417505884379,24.40417505884379,595.5637603026934,-1.8932641626804128,1.8932641626804128,2.8932641626028337,High,extreme_error,,,,,,,,,,,,,,,,,,,,,,,,,,,,,,,,,,,,,,,,,,,,,,,,,,,,,,,,,,,,,,,,,,,,,,,,,,,
1407,1.9,5.299231575429518,CatBoost,target_price,-3.399231575429518,3.399231575429518,11.554775303397044,-1.7890692492844469,1.7890692492844469,2.789069248758131,Low,extreme_error,,,,,,,,,,,,,,,,,,,,,,,,,,,,,,,,,,,,,,,,,,,,,,,,,,,,,,,,,,,,,,,,,,,,,,,,,,,
426,1.39,3.8192698383691166,CatBoost,target_price,-2.429269838369117,2.429269838369117,5.901351947609915,-1.747676141454274,1.747676141454274,2.7476761407348493,Low,extreme_error,,,,,,,,,,,,,,,,,,,,,,,,,,,,,,,,,,,,,,,,,,,,,,,,,,,,,,,,,,,,,,,,,,,,,,,,,,,
1934,1.3,3.477661438160247,CatBoost,target_price,-2.1776614381602477,2.1776614381602477,4.742209339250157,-1.675124181911633,1.675124181911633,2.675124181142402,Low,extreme_error,,,,,,,,,,,,,,,,,,,,,,,,,,,,,,,,,,,,,,,,,,,,,,,,,,,,,,,,,,,,,,,,,,,,,,,,,,,
4750,1.95,5.175413938104351,CatBoost,target_price,-3.225413938104351,3.225413938104351,10.40329507211782,-1.654058428948868,1.654058428948868,2.654058428436048,Low,extreme_error,,,,,,,,,,,,,,,,,,,,,,,,,,,,,,,,,,,,,,,,,,,,,,,,,,,,,,,,,,,,,,,,,,,,,,,,,,,
737,2.99,7.867464601547507,CatBoost,target_price,-4.877464601547507,4.877464601547507,23.789660939348977,-1.6312590635171396,1.6312590635171396,2.6312590631826915,Low,extreme_error,,,,,,,,,,,,,,,,,,,,,,,,,,,,,,,,,,,,,,,,,,,,,,,,,,,,,,,,,,,,,,,,,,,,,,,,,,,
1979,1.1,2.892106400331832,CatBoost,target_price,-1.792106400331832,1.792106400331832,3.211645350110317,-1.629187635184222,1.629187635184222,2.629187634275131,Low,extreme_error,8.0,128.0,13.95,0.0,0.0,0.0,0.0,0.0,0.0,0.0,0.0,0.0,0.0,1.0,0.0,0.0,0.0,2.0,0.0,3.0,0.0,0.0,1.0,0.0,0.0,0.0,0.0,0.0,0.0,0.0,0.0,0.0,0.0,0.0,0.0,0.0,0.0,0.0,0.0,0.0,0.0,0.0,0.0,0.0,0.0,0.0,1.0,0.0,0.0,0.0,0.0,0.0,0.0,0.0,0.0,0.0,0.0,0.0,0.0,0.0,0.0,0.0,0.0,0.0,0.0,0.0,1.0,0.0,0.0,0.0,0.0,0.0,0.0,1.0,0.0
5723,5.5,14.417263476105278,CatBoost,target_price,-8.917263476105278,8.917263476105278,79.51758790228119,-1.6213206317243558,1.6213206317243558,2.6213206315425377,Low,extreme_error,,,,,,,,,,,,,,,,,,,,,,,,,,,,,,,,,,,,,,,,,,,,,,,,,,,,,,,,,,,,,,,,,,,,,,,,,,,
4280,5.6,14.598837781646152,CatBoost,target_price,-8.998837781646152,8.998837781646152,80.97908142038224,-1.606935317864146,1.606935317864146,2.6069353176855743,Low,extreme_error,16.0,750.0,15.95,0.0,0.0,0.0,0.0,0.0,0.0,1.0,0.0,0.0,0.0,1.0,0.0,0.0,0.0,1.0,1.0,6.0,0.0,0.0,0.0,0.0,0.0,1.0,0.0,0.0,0.0,0.0,0.0,0.0,0.0,0.0,0.0,0.0,0.0,0.0,0.0,0.0,0.0,0.0,0.0,0.0,0.0,0.0,0.0,0.0,0.0,0.0,0.0,1.0,0.0,0.0,0.0,0.0,0.0,0.0,0.0,0.0,0.0,0.0,0.0,0.0,0.0,0.0,1.0,0.0,0.0,0.0,2.0,0.0,1.0,0.0,0.0
2354,1.9,4.875724345580968,CatBoost,target_price,-2.9757243455809683,2.9757243455809683,8.854935380883282,-1.5661707073762092,1.5661707073762092,2.5661707068498933,Low,extreme_error,,,,,,,,,,,,,,,,,,,,,,,,,,,,,,,,,,,,,,,,,,,,,,,,,,,,,,,,,,,,,,,,,,,,,,,,,,,
5212,2.5,6.3264529361687085,CatBoost,target_price,-3.826452936168709,3.826452936168709,14.64174207271413,-1.5305811738552508,1.5305811738552508,2.530581173455251,Low,extreme_error,,,,,,,,,,,,,,,,,,,,,,,,,,,,,,,,,,,,,,,,,,,,,,,,,,,,,,,,,,,,,,,,,,,,,,,,,,,
1683,1.9,4.765842126790657,CatBoost,target_price,-2.8658421267906573,2.8658421267906573,8.213051095687998,-1.508337960674905,1.508337960674905,2.508337960148589,Low,extreme_error,8.0,127.0,13.95,0.0,0.0,0.0,0.0,0.0,0.0,1.0,0.0,0.0,0.0,0.0,0.0,1.0,0.0,2.0,1.0,5.0,0.0,0.0,0.0,1.0,0.0,0.0,0.0,0.0,0.0,0.0,0.0,0.0,0.0,0.0,0.0,0.0,0.0,0.0,0.0,0.0,0.0,0.0,0.0,0.0,0.0,0.0,0.0,0.0,0.0,0.0,0.0,1.0,0.0,0.0,0.0,0.0,0.0,0.0,0.0,0.0,0.0,0.0,0.0,0.0,0.0,0.0,1.0,0.0,0.0,0.0,2.0,0.0,1.0,0.0,0.0
296,2.0,5.015230681905718,CatBoost,target_price,-3.0152306819057184,3.0152306819057184,9.091616065105624,-1.5076153401990515,1.5076153401990515,2.5076153396990515,Low,extreme_error,8.0,127.0,13.95,0.0,0.0,0.0,0.0,0.0,0.0,1.0,1.0,1.0,1.0,0.0,0.0,1.0,0.0,2.0,1.0,0.0,1.0,0.0,0.0,0.0,0.0,0.0,0.0,0.0,0.0,0.0,0.0,0.0,0.0,0.0,0.0,0.0,0.0,0.0,0.0,0.0,0.0,0.0,0.0,0.0,0.0,0.0,0.0,0.0,0.0,0.0,0.0,1.0,0.0,0.0,0.0,0.0,0.0,0.0,0.0,0.0,0.0,0.0,0.0,0.0,0.0,0.0,0.0,0.0,1.0,0.0,-1.0,0.0,0.0,0.0,1.0
1699,2.5,6.185387017161007,CatBoost,target_price,-3.6853870171610073,3.6853870171610073,13.582077466258909,-1.474154806274741,1.474154806274741,2.4741548058747407,Low,extreme_error,,,,,,,,,,,,,,,,,,,,,,,,,,,,,,,,,,,,,,,,,,,,,,,,,,,,,,,,,,,,,,,,,,,,,,,,,,,
3142,2.0,4.918498688804677,CatBoost,target_price,-2.918498688804677,2.918498688804677,8.517634596554618,-1.4592493436727136,1.4592493436727136,2.4592493431727136,Low,extreme_error,,,,,,,,,,,,,,,,,,,,,,,,,,,,,,,,,,,,,,,,,,,,,,,,,,,,,,,,,,,,,,,,,,,,,,,,,,,
5433,11.9,29.261638480961963,CatBoost,target_price,-17.361638480961965,17.361638480961965,301.4264907436193,-1.4589612167649582,1.4589612167649582,2.4589612166809243,High,extreme_error,16.0,256.0,13.3,0.0,0.0,0.0,0.0,0.0,0.0,1.0,0.0,0.0,0.0,1.0,0.0,0.0,1.0,2.0,2.0,6.0,0.0,0.0,0.0,1.0,0.0,0.0,0.0,0.0,0.0,0.0,0.0,0.0,0.0,0.0,0.0,0.0,0.0,0.0,0.0,0.0,0.0,0.0,0.0,0.0,0.0,0.0,0.0,0.0,0.0,0.0,0.0,1.0,0.0,0.0,0.0,0.0,0.0,0.0,0.0,0.0,0.0,0.0,0.0,0.0,0.0,0.0,1.0,0.0,0.0,0.0,0.0,0.0,0.0,1.0,0.0
1075,2.7,6.635221883821821,CatBoost,target_price,-3.935221883821821,3.935221883821821,15.485971274910158,-1.4574895860608632,1.4574895860608632,2.457489585690493,Low,extreme_error,8.0,500.0,13.95,0.0,0.0,0.0,0.0,0.0,0.0,1.0,0.0,0.0,0.0,1.0,0.0,0.0,0.0,2.0,1.0,5.0,0.0,1.0,0.0,0.0,0.0,0.0,0.0,0.0,0.0,0.0,0.0,0.0,0.0,0.0,0.0,0.0,0.0,0.0,0.0,0.0,0.0,0.0,0.0,0.0,0.0,0.0,0.0,0.0,0.0,0.0,0.0,1.0,0.0,0.0,0.0,0.0,0.0,0.0,0.0,0.0,0.0,0.0,0.0,0.0,0.0,0.0,1.0,0.0,0.0,0.0,2.0,0.0,1.0,0.0,0.0
2753,1.6,3.867711799500896,CatBoost,target_price,-2.267711799500896,2.267711799500896,5.142516805595592,-1.417319873802235,1.417319873802235,2.417319873177235,Low,extreme_error,,,,,,,,,,,,,,,,,,,,,,,,,,,,,,,,,,,,,,,,,,,,,,,,,,,,,,,,,,,,,,,,,,,,,,,,,,,
4113,1.4,3.376704780807083,CatBoost,target_price,-1.9767047808070832,1.9767047808070832,3.907361790465579,-1.411931985282251,1.411931985282251,2.411931984567965,Low,extreme_error,,,,,,,,,,,,,,,,,,,,,,,,,,,,,,,,,,,,,,,,,,,,,,,,,,,,,,,,,,,,,,,,,,,,,,,,,,,
5617,5.5,13.205853174230864,CatBoost,target_price,-7.705853174230864,7.705853174230864,59.38017314280388,-1.4010642132417817,1.4010642132417817,2.4010642130599638,Low,extreme_error,,,,,,,,,,,,,,,,,,,,,,,,,,,,,,,,,,,,,,,,,,,,,,,,,,,,,,,,,,,,,,,,,,,,,,,,,,,
5123,3.9,9.25469715121832,CatBoost,target_price,-5.35469715121832,5.35469715121832,28.672781581265586,-1.3729992691911077,1.3729992691911077,2.3729992689346977,Low,extreme_error,,,,,,,,,,,,,,,,,,,,,,,,,,,,,,,,,,,,,,,,,,,,,,,,,,,,,,,,,,,,,,,,,,,,,,,,,,,
3933,2.2,5.1564478679964765,CatBoost,target_price,-2.9564478679964763,2.9564478679964763,8.74058399618091,-1.3438399393875615,1.3438399393875615,2.343839938933016,Low,extreme_error,,,,,,,,,,,,,,,,,,,,,,,,,,,,,,,,,,,,,,,,,,,,,,,,,,,,,,,,,,,,,,,,,,,,,,,,,,,
4753,1.65,3.838624073963532,CatBoost,target_price,-2.188624073963532,2.188624073963532,4.790075337132729,-1.3264388319012683,1.3264388319012683,2.326438831295208,Low,extreme_error,,,,,,,,,,,,,,,,,,,,,,,,,,,,,,,,,,,,,,,,,,,,,,,,,,,,,,,,,,,,,,,,,,,,,,,,,,,
3827,1.8,4.183452063082914,CatBoost,target_price,-2.383452063082914,2.383452063082914,5.680843737014199,-1.32414003431043,1.32414003431043,2.3241400337548743,Low,extreme_error,0.0,0.0,0.0,1.0,0.0,1.0,1.0,1.0,0.0,1.0,1.0,1.0,1.0,0.0,0.0,1.0,0.0,2.0,1.0,0.0,0.0,0.0,0.0,0.0,0.0,0.0,0.0,0.0,0.0,0.0,0.0,1.0,0.0,0.0,0.0,0.0,0.0,0.0,0.0,0.0,0.0,0.0,0.0,0.0,0.0,0.0,0.0,0.0,0.0,0.0,0.0,1.0,0.0,0.0,0.0,0.0,0.0,0.0,0.0,0.0,0.0,0.0,0.0,0.0,0.0,0.0,0.0,0.0,1.0,0.0,-1.0,0.0,0.0,0.0,1.0
2722,1.5,3.465947537174733,CatBoost,target_price,-1.965947537174733,1.965947537174733,3.8649497189233983,-1.3106316905760675,1.3106316905760675,2.3106316899094006,Low,extreme_error,,,,,,,,,,,,,,,,,,,,,,,,,,,,,,,,,,,,,,,,,,,,,,,,,,,,,,,,,,,,,,,,,,,,,,,,,,,
864,1.5,3.455471415547036,CatBoost,target_price,-1.955471415547036,1.955471415547036,3.823868457021529,-1.3036476094955922,1.3036476094955922,2.3036476088289257,Low,extreme_error,,,,,,,,,,,,,,,,,,,,,,,,,,,,,,,,,,,,,,,,,,,,,,,,,,,,,,,,,,,,,,,,,,,,,,,,,,,
3704,1.39,3.194246060443522,CatBoost,target_price,-1.804246060443522,1.804246060443522,3.2553038466259694,-1.298018747586693,1.298018747586693,2.2980187468672684,Low,extreme_error,,,,,,,,,,,,,,,,,,,,,,,,,,,,,,,,,,,,,,,,,,,,,,,,,,,,,,,,,,,,,,,,,,,,,,,,,,,
7007,8.0,18.299803162074085,CatBoost,target_price,-10.299803162074085,10.299803162074085,106.08594517747132,-1.2874753950983262,1.2874753950983262,2.287475394973326,Mid,extreme_error,8.0,512.0,14.0,0.0,0.0,0.0,0.0,0.0,0.0,1.0,0.0,1.0,0.0,1.0,0.0,0.0,1.0,2.0,2.0,0.0,0.0,0.0,0.0,0.0,0.0,0.0,0.0,0.0,1.0,0.0,0.0,0.0,0.0,0.0,0.0,0.0,0.0,0.0,0.0,0.0,0.0,0.0,0.0,0.0,0.0,0.0,0.0,0.0,0.0,0.0,0.0,1.0,0.0,0.0,0.0,0.0,0.0,0.0,0.0,0.0,0.0,0.0,0.0,0.0,1.0,0.0,0.0,0.0,0.0,0.0,0.0,0.0,0.0,1.0,0.0
4173,2.5,5.683770478701726,CatBoost,target_price,-3.1837704787017262,3.1837704787017262,10.13639446105262,-1.273508190971287,1.273508190971287,2.2735081905712877,Low,extreme_error,4.0,256.0,13.95,0.0,0.0,0.0,0.0,0.0,0.0,1.0,0.0,0.0,0.0,1.0,0.0,0.0,0.0,2.0,0.0,5.0,1.0,0.0,0.0,0.0,0.0,0.0,0.0,0.0,0.0,0.0,0.0,0.0,0.0,0.0,0.0,0.0,0.0,0.0,0.0,0.0,0.0,0.0,0.0,0.0,0.0,0.0,0.0,0.0,0.0,0.0,0.0,1.0,0.0,0.0,0.0,0.0,0.0,0.0,0.0,0.0,0.0,0.0,0.0,0.0,0.0,1.0,0.0,0.0,0.0,0.0,0.0,0.0,0.0,1.0,0.0
3893,8.9,20.076545110382515,CatBoost,target_price,-11.176545110382516,11.176545110382516,124.91516060441528,-1.2557915852951371,1.2557915852951371,2.2557915851827777,Mid,extreme_error,,,,,,,,,,,,,,,,,,,,,,,,,,,,,,,,,,,,,,,,,,,,,,,,,,,,,,,,,,,,,,,,,,,,,,,,,,,
3235,5.5,12.26671135216118,CatBoost,target_price,-6.766711352161179,6.766711352161179,45.78838252346697,-1.2303111547147032,1.2303111547147032,2.230311154532885,Low,extreme_error,16.0,512.0,0.0,0.0,0.0,0.0,0.0,1.0,0.0,1.0,0.0,0.0,0.0,1.0,0.0,0.0,0.0,2.0,1.0,5.0,0.0,0.0,0.0,1.0,0.0,0.0,0.0,0.0,0.0,0.0,0.0,0.0,0.0,0.0,0.0,0.0,0.0,0.0,0.0,0.0,0.0,0.0,0.0,0.0,0.0,0.0,0.0,0.0,0.0,0.0,0.0,1.0,0.0,0.0,0.0,0.0,0.0,0.0,0.0,0.0,0.0,0.0,0.0,0.0,0.0,0.0,1.0,0.0,0.0,0.0,2.0,0.0,1.0,0.0,0.0
2114,4.9,10.917711668234563,CatBoost,target_price,-6.017711668234563,6.017711668234563,36.21285372200641,-1.2281044218380526,1.2281044218380526,2.228104421633971,Low,extreme_error,,,,,,,,,,,,,,,,,,,,,,,,,,,,,,,,,,,,,,,,,,,,,,,,,,,,,,,,,,,,,,,,,,,,,,,,,,,
6690,5.39,11.973916748452416,CatBoost,target_price,-6.583916748452416,6.583916748452416,43.34795975055224,-1.2215058900242877,1.2215058900242877,2.2215058898387587,Low,extreme_error,,,,,,,,,,,,,,,,,,,,,,,,,,,,,,,,,,,,,,,,,,,,,,,,,,,,,,,,,,,,,,,,,,,,,,,,,,,
3608,4.5,9.936786966004608,CatBoost,target_price,-5.436786966004608,5.436786966004608,29.558652513717583,-1.208174881065874,1.208174881065874,2.208174880843652,Low,extreme_error,,,,,,,,,,,,,,,,,,,,,,,,,,,,,,,,,,,,,,,,,,,,,,,,,,,,,,,,,,,,,,,,,,,,,,,,,,,
2890,4.39,9.573111377815138,CatBoost,target_price,-5.1831113778151385,5.1831113778151385,26.864643554836743,-1.1806631837436163,1.1806631837436163,2.1806631835158257,Low,extreme_error,,,,,,,,,,,,,,,,,,,,,,,,,,,,,,,,,,,,,,,,,,,,,,,,,,,,,,,,,,,,,,,,,,,,,,,,,,,
7133,6.5,14.090923247781047,CatBoost,target_price,-7.590923247781047,7.590923247781047,57.622115753702765,-1.167834345632802,1.167834345632802,2.167834345478956,Mid,extreme_error,,,,,,,,,,,,,,,,,,,,,,,,,,,,,,,,,,,,,,,,,,,,,,,,,,,,,,,,,,,,,,,,,,,,,,,,,,,
4796,3.0,6.379097703599943,CatBoost,target_price,-3.3790977035999434,3.3790977035999434,11.41830129047441,-1.126365900824526,1.126365900824526,2.126365900491193,Low,extreme_error,,,,,,,,,,,,,,,,,,,,,,,,,,,,,,,,,,,,,,,,,,,,,,,,,,,,,,,,,,,,,,,,,,,,,,,,,,,
994,4.0,8.485775284515363,CatBoost,target_price,-4.485775284515363,4.485775284515363,20.122179903168885,-1.1214438208484796,1.1214438208484796,2.12144382059848,Low,extreme_error,,,,,,,,,,,,,,,,,,,,,,,,,,,,,,,,,,,,,,,,,,,,,,,,,,,,,,,,,,,,,,,,,,,,,,,,,,,
4190,1.9,4.006382559195501,CatBoost,target_price,-2.106382559195501,2.106382559195501,4.436847485682988,-1.108622398993094,1.108622398993094,2.1086223984667782,Low,extreme_error,,,,,,,,,,,,,,,,,,,,,,,,,,,,,,,,,,,,,,,,,,,,,,,,,,,,,,,,,,,,,,,,,,,,,,,,,,,
5273,6.8,14.27936711498318,CatBoost,target_price,-7.479367114983179,7.479367114983179,55.94093244069181,-1.099906928512246,1.099906928512246,2.099906928365187,Mid,extreme_error,16.0,512.0,15.95,0.0,0.0,0.0,0.0,0.0,0.0,0.0,0.0,0.0,0.0,1.0,0.0,0.0,0.0,2.0,1.0,6.0,0.0,0.0,0.0,1.0,0.0,0.0,0.0,0.0,0.0,0.0,0.0,0.0,0.0,0.0,0.0,0.0,0.0,0.0,1.0,0.0,0.0,0.0,0.0,0.0,0.0,0.0,0.0,0.0,0.0,0.0,0.0,0.0,0.0,0.0,0.0,0.0,0.0,0.0,0.0,0.0,0.0,0.0,0.0,0.0,0.0,0.0,1.0,0.0,0.0,0.0,2.0,0.0,1.0,0.0,0.0
3362,3.0,6.253912867143992,CatBoost,target_price,-3.253912867143992,3.253912867143992,10.587948946965234,-1.0846376220197846,1.0846376220197846,2.0846376216864515,Low,extreme_error,,,,,,,,,,,,,,,,,,,,,,,,,,,,,,,,,,,,,,,,,,,,,,,,,,,,,,,,,,,,,,,,,,,,,,,,,,,
2458,4.686,9.75883551441608,CatBoost,target_price,-5.072835514416081,5.072835514416081,25.733660156321065,-1.0825513259354522,1.0825513259354522,2.0825513257220507,Low,extreme_error,16.0,512.0,15.95,0.0,0.0,0.0,0.0,0.0,0.0,0.0,0.0,0.0,1.0,1.0,0.0,0.0,0.0,2.0,1.0,6.0,0.0,0.0,1.0,0.0,0.0,0.0,0.0,0.0,0.0,0.0,0.0,0.0,0.0,0.0,0.0,0.0,0.0,0.0,0.0,0.0,0.0,0.0,0.0,0.0,0.0,0.0,1.0,0.0,0.0,0.0,0.0,0.0,0.0,0.0,0.0,0.0,0.0,0.0,0.0,0.0,0.0,0.0,0.0,0.0,0.0,0.0,1.0,0.0,0.0,0.0,-1.0,0.0,0.0,0.0,1.0
1420,13.999,28.89166888436221,CatBoost,target_price,-14.89266888436221,14.89266888436221,221.7915864992504,-1.0638380515249926,1.0638380515249926,2.063838051453559,High,extreme_error,,,,,,,,,,,,,,,,,,,,,,,,,,,,,,,,,,,,,,,,,,,,,,,,,,,,,,,,,,,,,,,,,,,,,,,,,,,
642,4.5,9.25469715121832,CatBoost,target_price,-4.75469715121832,4.75469715121832,22.607144999803605,-1.0565993667026046,1.0565993667026046,2.0565993664803823,Low,extreme_error,,,,,,,,,,,,,,,,,,,,,,,,,,,,,,,,,,,,,,,,,,,,,,,,,,,,,,,,,,,,,,,,,,,,,,,,,,,
3442,5.0,10.177019895015947,CatBoost,target_price,-5.177019895015947,5.177019895015947,26.801534993390927,-1.035403978796109,1.035403978796109,2.0354039785961087,Low,extreme_error,,,,,,,,,,,,,,,,,,,,,,,,,,,,,,,,,,,,,,,,,,,,,,,,,,,,,,,,,,,,,,,,,,,,,,,,,,,
1406,1.0,2.0339661463017453,CatBoost,target_price,-1.033966146301745,1.033966146301745,1.0690859916980822,-1.033966145267779,1.033966145267779,2.033966144267779,Low,extreme_error,,,,,,,,,,,,,,,,,,,,,,,,,,,,,,,,,,,,,,,,,,,,,,,,,,,,,,,,,,,,,,,,,,,,,,,,,,,
1839,2.0,4.004711710095499,CatBoost,target_price,-2.004711710095499,2.004711710095499,4.018869040594021,-1.0023558545465716,1.0023558545465716,2.002355854046572,Low,extreme_error,,,,,,,,,,,,,,,,,,,,,,,,,,,,,,,,,,,,,,,,,,,,,,,,,,,,,,,,,,,,,,,,,,,,,,,,,,,
3071,1.0,0.0,CatBoost,target_price,1.0,1.0,1.0,0.999999999,0.999999999,0.0,Low,severe_error,,,,,,,,,,,,,,,,,,,,,,,,,,,,,,,,,,,,,,,,,,,,,,,,,,,,,,,,,,,,,,,,,,,,,,,,,,,
2605,2.2,4.36324826243413,CatBoost,target_price,-2.16324826243413,2.16324826243413,4.679643044924282,-0.983294664295834,0.983294664295834,1.9832946638412885,Low,severe_error,4.0,256.0,13.95,0.0,0.0,0.0,0.0,0.0,0.0,1.0,0.0,0.0,0.0,1.0,0.0,0.0,0.0,2.0,1.0,5.0,0.0,0.0,0.0,1.0,0.0,0.0,0.0,0.0,0.0,0.0,0.0,0.0,0.0,0.0,0.0,0.0,0.0,0.0,0.0,0.0,0.0,0.0,0.0,0.0,0.0,0.0,0.0,0.0,0.0,0.0,0.0,1.0,0.0,0.0,0.0,0.0,0.0,0.0,0.0,0.0,0.0,0.0,0.0,0.0,0.0,0.0,1.0,0.0,0.0,0.0,0.0,0.0,0.0,1.0,0.0
5157,1.8,3.5699273227173727,CatBoost,target_price,-1.7699273227173726,1.7699273227173726,3.1326427277014863,-0.9832929565189332,0.9832929565189332,1.9832929559633772,Low,severe_error,,,,,,,,,,,,,,,,,,,,,,,,,,,,,,,,,,,,,,,,,,,,,,,,,,,,,,,,,,,,,,,,,,,,,,,,,,,
3929,6.9,13.677513530883823,CatBoost,target_price,-6.777513530883823,6.777513530883823,45.93468966131331,-0.9822483376668948,0.9822483376668948,1.9822483375219675,Mid,severe_error,,,,,,,,,,,,,,,,,,,,,,,,,,,,,,,,,,,,,,,,,,,,,,,,,,,,,,,,,,,,,,,,,,,,,,,,,,,
3543,4.0,7.91996799557067,CatBoost,target_price,-3.91996799557067,3.91996799557067,15.366149086298336,-0.9799919986476696,0.9799919986476696,1.9799919983976693,Low,severe_error,16.0,256.0,0.0,0.0,0.0,0.0,0.0,1.0,0.0,1.0,0.0,0.0,1.0,1.0,0.0,0.0,0.0,2.0,1.0,3.0,0.0,0.0,0.0,0.0,0.0,0.0,0.0,1.0,0.0,0.0,0.0,0.0,0.0,0.0,0.0,0.0,0.0,0.0,0.0,0.0,0.0,0.0,0.0,0.0,0.0,0.0,0.0,0.0,0.0,0.0,0.0,1.0,0.0,0.0,0.0,0.0,0.0,0.0,0.0,0.0,0.0,0.0,0.0,0.0,0.0,0.0,1.0,0.0,0.0,0.0,-1.0,0.0,0.0,0.0,1.0
705,1.8,3.562207883078081,CatBoost,target_price,-1.7622078830780807,1.7622078830780807,3.1053766231825306,-0.9790043789439312,0.9790043789439312,1.979004378388376,Low,severe_error,8.0,127.0,15.95,0.0,0.0,0.0,0.0,0.0,0.0,1.0,0.0,0.0,0.0,1.0,0.0,0.0,0.0,2.0,1.0,3.0,0.0,1.0,0.0,0.0,0.0,0.0,0.0,0.0,0.0,0.0,0.0,0.0,0.0,0.0,0.0,0.0,0.0,0.0,0.0,0.0,0.0,0.0,0.0,0.0,0.0,0.0,0.0,0.0,0.0,0.0,0.0,1.0,0.0,0.0,0.0,0.0,0.0,0.0,0.0,0.0,0.0,0.0,0.0,0.0,0.0,0.0,1.0,0.0,0.0,0.0,2.0,0.0,1.0,0.0,0.0
3625,2.4,4.713648639623076,CatBoost,target_price,-2.3136486396230764,2.3136486396230764,5.352970027629712,-0.96402026610794,0.96402026610794,1.9640202656912733,Low,severe_error,,,,,,,,,,,,,,,,,,,,,,,,,,,,,,,,,,,,,,,,,,,,,,,,,,,,,,,,,,,,,,,,,,,,,,,,,,,
5638,12.8,24.753402472585417,CatBoost,target_price,-11.953402472585417,11.953402472585417,142.88383067161115,-0.9338595680977778,0.9338595680977778,1.9338595680196529,High,severe_error,,,,,,,,,,,,,,,,,,,,,,,,,,,,,,,,,,,,,,,,,,,,,,,,,,,,,,,,,,,,,,,,,,,,,,,,,,,
1835,2.3,4.4454561454130825,CatBoost,target_price,-2.1454561454130827,2.1454561454130827,4.602982071890763,-0.9328070193392504,0.9328070193392504,1.932807018904468,Low,severe_error,,,,,,,,,,,,,,,,,,,,,,,,,,,,,,,,,,,,,,,,,,,,,,,,,,,,,,,,,,,,,,,,,,,,,,,,,,,
5199,2.5,4.805061842168513,CatBoost,target_price,-2.305061842168513,2.305061842168513,5.313310096221299,-0.9220247364985952,0.9220247364985952,1.9220247360985951,Low,severe_error,,,,,,,,,,,,,,,,,,,,,,,,,,,,,,,,,,,,,,,,,,,,,,,,,,,,,,,,,,,,,,,,,,,,,,,,,,,
6681,16.8,32.14529344232564,CatBoost,target_price,-15.345293442325636,15.345293442325636,235.4780308310822,-0.9134103238935848,0.9134103238935848,1.9134103238340607,High,severe_error,16.0,512.0,13.3,0.0,0.0,0.0,0.0,0.0,0.0,1.0,0.0,0.0,0.0,1.0,0.0,0.0,1.0,2.0,2.0,6.0,0.0,0.0,0.0,1.0,0.0,0.0,0.0,0.0,0.0,0.0,0.0,0.0,0.0,0.0,0.0,0.0,0.0,0.0,0.0,0.0,0.0,0.0,0.0,0.0,0.0,0.0,0.0,0.0,0.0,0.0,0.0,1.0,0.0,0.0,0.0,0.0,0.0,0.0,0.0,0.0,0.0,0.0,0.0,0.0,0.0,0.0,1.0,0.0,0.0,0.0,0.0,0.0,0.0,1.0,0.0
5624,13.899,26.58962233984831,CatBoost,target_price,-12.690622339848312,12.690622339848312,161.05189537265704,-0.9130601006500648,0.9130601006500648,1.9130601005781172,High,severe_error,,,,,,,,,,,,,,,,,,,,,,,,,,,,,,,,,,,,,,,,,,,,,,,,,,,,,,,,,,,,,,,,,,,,,,,,,,,
4325,1.5,2.868538104428932,CatBoost,target_price,-1.3685381044289322,1.3685381044289322,1.8728965432739348,-0.9123587356777156,0.9123587356777156,1.912358735011049,Low,severe_error,,,,,,,,,,,,,,,,,,,,,,,,,,,,,,,,,,,,,,,,,,,,,,,,,,,,,,,,,,,,,,,,,,,,,,,,,,,
88,6.99,13.340403141346696,CatBoost,target_price,-6.350403141346696,6.350403141346696,40.32762005762599,-0.908498303353104,0.908498303353104,1.9084983032100429,Mid,severe_error,,,,,,,,,,,,,,,,,,,,,,,,,,,,,,,,,,,,,,,,,,,,,,,,,,,,,,,,,,,,,,,,,,,,,,,,,,,
4054,3.0,5.723138775989288,CatBoost,target_price,-2.7231387759892884,2.7231387759892884,7.41548479329644,-0.9077129250271918,0.9077129250271918,1.9077129246938584,Low,severe_error,,,,,,,,,,,,,,,,,,,,,,,,,,,,,,,,,,,,,,,,,,,,,,,,,,,,,,,,,,,,,,,,,,,,,,,,,,,
6686,19.0,36.178636048375154,CatBoost,target_price,-17.178636048375154,17.178636048375154,295.1055364825343,-0.9041387393405798,0.9041387393405798,1.904138739287948,Premium,severe_error,,,,,,,,,,,,,,,,,,,,,,,,,,,,,,,,,,,,,,,,,,,,,,,,,,,,,,,,,,,,,,,,,,,,,,,,,,,
763,1.1,2.093240423661607,CatBoost,target_price,-0.9932404236616068,0.9932404236616068,0.9865265391954882,-0.9029458388715098,0.9029458388715098,1.902945837962419,Low,severe_error,,,,,,,,,,,,,,,,,,,,,,,,,,,,,,,,,,,,,,,,,,,,,,,,,,,,,,,,,,,,,,,,,,,,,,,,,,,
1721,1.3,2.4696249550804144,CatBoost,target_price,-1.1696249550804143,1.1696249550804143,1.3680225355468612,-0.8997115032159252,0.8997115032159252,1.8997115024466944,Low,severe_error,,,,,,,,,,,,,,,,,,,,,,,,,,,,,,,,,,,,,,,,,,,,,,,,,,,,,,,,,,,,,,,,,,,,,,,,,,,
4477,3.4,6.458822033548394,CatBoost,target_price,-3.058822033548394,3.058822033548394,9.356392232921133,-0.8996535390143354,0.8996535390143354,1.8996535387202176,Low,severe_error,,,,,,,,,,,,,,,,,,,,,,,,,,,,,,,,,,,,,,,,,,,,,,,,,,,,,,,,,,,,,,,,,,,,,,,,,,,
3755,1.4,2.649955466186136,CatBoost,target_price,-1.2499554661861358,1.2499554661861358,1.5623886674486005,-0.8928253323523646,0.8928253323523646,1.892825331638079,Low,severe_error,,,,,,,,,,,,,,,,,,,,,,,,,,,,,,,,,,,,,,,,,,,,,,,,,,,,,,,,,,,,,,,,,,,,,,,,,,,
4020,9.89,18.6870003796913,CatBoost,target_price,-8.797000379691298,8.797000379691298,77.38721568028883,-0.8894843659051378,0.8894843659051378,1.8894843658040252,Mid,severe_error,32.0,512.0,15.95,0.0,0.0,0.0,0.0,0.0,0.0,1.0,0.0,0.0,0.0,1.0,0.0,0.0,0.0,2.0,1.0,6.0,0.0,0.0,0.0,1.0,0.0,0.0,0.0,0.0,0.0,0.0,0.0,0.0,0.0,0.0,0.0,0.0,0.0,0.0,0.0,0.0,0.0,0.0,0.0,0.0,0.0,0.0,0.0,0.0,0.0,0.0,0.0,1.0,0.0,0.0,0.0,0.0,0.0,0.0,0.0,0.0,0.0,0.0,0.0,0.0,0.0,0.0,1.0,0.0,0.0,0.0,2.0,0.0,1.0,0.0,0.0
838,2.2,4.139867471842276,CatBoost,target_price,-1.939867471842276,1.939867471842276,3.763085808311743,-0.8817579413456899,0.8817579413456899,1.8817579408911445,Low,severe_error,8.0,127.0,13.95,0.0,0.0,0.0,0.0,0.0,0.0,0.0,0.0,0.0,1.0,0.0,0.0,1.0,0.0,2.0,1.0,5.0,0.0,0.0,0.0,1.0,0.0,0.0,0.0,0.0,0.0,0.0,0.0,0.0,0.0,0.0,0.0,0.0,0.0,0.0,1.0,0.0,0.0,0.0,0.0,0.0,0.0,0.0,0.0,0.0,0.0,0.0,0.0,0.0,0.0,0.0,0.0,0.0,0.0,0.0,0.0,0.0,0.0,0.0,0.0,0.0,0.0,0.0,1.0,0.0,0.0,0.0,-1.0,0.0,0.0,0.0,1.0
265,3.0,5.64257572414224,CatBoost,target_price,-2.6425757241422403,2.6425757241422403,6.983206457825886,-0.8808585744204606,0.8808585744204606,1.880858574087127,Low,severe_error,,,,,,,,,,,,,,,,,,,,,,,,,,,,,,,,,,,,,,,,,,,,,,,,,,,,,,,,,,,,,,,,,,,,,,,,,,,
1971,6.999,13.120015586136226,CatBoost,target_price,-6.1210155861362265,6.1210155861362265,37.46683180572261,-0.8745557344280142,0.8745557344280142,1.8745557342851369,Mid,severe_error,,,,,,,,,,,,,,,,,,,,,,,,,,,,,,,,,,,,,,,,,,,,,,,,,,,,,,,,,,,,,,,,,,,,,,,,,,,
1414,1.09,2.0296147713115307,CatBoost,target_price,-0.9396147713115306,0.9396147713115306,0.8828759184668199,-0.8620318994949528,0.8620318994949528,1.8620318985775213,Low,severe_error,,,,,,,,,,,,,,,,,,,,,,,,,,,,,,,,,,,,,,,,,,,,,,,,,,,,,,,,,,,,,,,,,,,,,,,,,,,
1726,2.5,4.6501646577909685,CatBoost,target_price,-2.1501646577909685,2.1501646577909685,4.623208055613353,-0.8600658627723611,0.8600658627723611,1.860065862372361,Low,severe_error,8.0,0.0,0.0,0.0,0.0,0.0,1.0,1.0,0.0,0.0,0.0,0.0,1.0,0.0,0.0,1.0,0.0,2.0,1.0,5.0,0.0,0.0,1.0,0.0,0.0,0.0,0.0,0.0,0.0,0.0,0.0,0.0,0.0,0.0,0.0,0.0,0.0,0.0,0.0,0.0,0.0,0.0,0.0,1.0,0.0,0.0,0.0,0.0,0.0,0.0,0.0,0.0,0.0,0.0,0.0,0.0,0.0,0.0,0.0,0.0,0.0,0.0,0.0,0.0,0.0,0.0,1.0,0.0,0.0,0.0,-1.0,0.0,0.0,0.0,1.0
2932,5.5,10.20342811592187,CatBoost,target_price,-4.70342811592187,4.70342811592187,22.122236041644356,-0.8551687481939457,0.8551687481939457,1.8551687480121275,Low,severe_error,16.0,256.0,13.95,0.0,1.0,0.0,0.0,0.0,0.0,0.0,0.0,0.0,0.0,1.0,0.0,0.0,0.0,2.0,1.0,6.0,0.0,0.0,0.0,0.0,0.0,0.0,0.0,1.0,0.0,0.0,0.0,0.0,0.0,0.0,0.0,0.0,0.0,0.0,0.0,0.0,0.0,0.0,0.0,0.0,0.0,0.0,0.0,0.0,0.0,0.0,0.0,0.0,0.0,0.0,0.0,0.0,0.0,0.0,0.0,1.0,0.0,0.0,0.0,0.0,0.0,0.0,1.0,0.0,0.0,0.0,0.0,0.0,0.0,1.0,0.0
2112,5.5,10.190430222262613,CatBoost,target_price,-4.690430222262613,4.690430222262613,22.000135669914503,-0.8528054948017831,0.8528054948017831,1.852805494619965,Low,severe_error,,,,,,,,,,,,,,,,,,,,,,,,,,,,,,,,,,,,,,,,,,,,,,,,,,,,,,,,,,,,,,,,,,,,,,,,,,,
2815,2.99,5.532678568776447,CatBoost,target_price,-2.542678568776447,2.542678568776447,6.46521430411504,-0.8503941698749339,0.8503941698749339,1.8503941695404855,Low,severe_error,,,,,,,,,,,,,,,,,,,,,,,,,,,,,,,,,,,,,,,,,,,,,,,,,,,,,,,,,,,,,,,,,,,,,,,,,,,
1871,13.8,25.311168503420426,CatBoost,target_price,-11.511168503420423,11.511168503420423,132.50700031413842,-0.834142645114948,0.834142645114948,1.8341426450424845,High,severe_error,,,,,,,,,,,,,,,,,,,,,,,,,,,,,,,,,,,,,,,,,,,,,,,,,,,,,,,,,,,,,,,,,,,,,,,,,,,
5009,2.2,4.031490905200263,CatBoost,target_price,-1.8314909052002628,1.8314909052002628,3.354358935831278,-0.8324958656217122,0.8324958656217122,1.8324958651671663,Low,severe_error,8.0,128.0,15.95,0.0,0.0,0.0,0.0,0.0,0.0,0.0,0.0,0.0,0.0,1.0,0.0,0.0,0.0,2.0,1.0,5.0,0.0,0.0,0.0,0.0,0.0,1.0,0.0,0.0,0.0,0.0,0.0,0.0,0.0,0.0,0.0,0.0,0.0,0.0,0.0,0.0,0.0,0.0,0.0,0.0,0.0,0.0,0.0,0.0,0.0,0.0,0.0,0.0,0.0,0.0,1.0,0.0,0.0,0.0,0.0,0.0,0.0,0.0,0.0,0.0,0.0,0.0,1.0,0.0,0.0,0.0,0.0,0.0,0.0,1.0,0.0
6940,12.5,22.890891192605327,CatBoost,target_price,-10.390891192605327,10.390891192605327,107.97061977656296,-0.8312712953419245,0.8312712953419245,1.8312712952619248,High,severe_error,,,,,,,,,,,,,,,,,,,,,,,,,,,,,,,,,,,,,,,,,,,,,,,,,,,,,,,,,,,,,,,,,,,,,,,,,,,
245,4.5,8.225539552358164,CatBoost,target_price,-3.725539552358164,3.725539552358164,13.87964495618507,-0.827897678117837,0.827897678117837,1.8278976778956144,Low,severe_error,,,,,,,,,,,,,,,,,,,,,,,,,,,,,,,,,,,,,,,,,,,,,,,,,,,,,,,,,,,,,,,,,,,,,,,,,,,
2534,3.5,6.350768065171149,CatBoost,target_price,-2.850768065171149,2.850768065171149,8.126878561399655,-0.8145051612447554,0.8145051612447554,1.814505160959041,Low,severe_error,,,,,,,,,,,,,,,,,,,,,,,,,,,,,,,,,,,,,,,,,,,,,,,,,,,,,,,,,,,,,,,,,,,,,,,,,,,
4129,1.5,2.7209146323468048,CatBoost,target_price,-1.2209146323468048,1.2209146323468048,1.4906325394785334,-0.8139430876885744,0.8139430876885744,1.813943087021908,Low,severe_error,,,,,,,,,,,,,,,,,,,,,,,,,,,,,,,,,,,,,,,,,,,,,,,,,,,,,,,,,,,,,,,,,,,,,,,,,,,
2726,1.0,1.811252741759878,CatBoost,target_price,-0.811252741759878,0.811252741759878,0.6581310110129194,-0.8112527409486252,0.8112527409486252,1.811252739948625,Low,severe_error,,,,,,,,,,,,,,,,,,,,,,,,,,,,,,,,,,,,,,,,,,,,,,,,,,,,,,,,,,,,,,,,,,,,,,,,,,,
1197,3.5,6.324444281292143,CatBoost,target_price,-2.824444281292143,2.824444281292143,7.97748549812389,-0.8069840801386169,0.8069840801386169,1.8069840798529024,Low,severe_error,,,,,,,,,,,,,,,,,,,,,,,,,,,,,,,,,,,,,,,,,,,,,,,,,,,,,,,,,,,,,,,,,,,,,,,,,,,
786,3.6,6.4654235811310965,CatBoost,target_price,-2.8654235811310964,2.8654235811310964,8.210652299302158,-0.7959509945375404,0.7959509945375404,1.7959509942597625,Low,severe_error,,,,,,,,,,,,,,,,,,,,,,,,,,,,,,,,,,,,,,,,,,,,,,,,,,,,,,,,,,,,,,,,,,,,,,,,,,,
4368,4.79,8.594936146437266,CatBoost,target_price,-3.8049361464372655,3.8049361464372655,14.477539078464876,-0.7943499260214857,0.7943499260214857,1.7943499258127174,Low,severe_error,,,,,,,,,,,,,,,,,,,,,,,,,,,,,,,,,,,,,,,,,,,,,,,,,,,,,,,,,,,,,,,,,,,,,,,,,,,
3815,8.5,15.19092980472084,CatBoost,target_price,-6.69092980472084,6.69092980472084,44.76854165170165,-0.7871682122274908,0.7871682122274908,1.7871682121098438,Mid,severe_error,16.0,512.0,13.95,0.0,0.0,0.0,0.0,0.0,0.0,1.0,0.0,0.0,1.0,0.0,0.0,1.0,0.0,2.0,1.0,6.0,0.0,0.0,0.0,0.0,0.0,0.0,0.0,0.0,0.0,1.0,0.0,0.0,0.0,0.0,0.0,0.0,0.0,0.0,0.0,0.0,0.0,0.0,0.0,0.0,0.0,0.0,0.0,0.0,0.0,0.0,0.0,1.0,0.0,0.0,0.0,0.0,0.0,0.0,0.0,0.0,0.0,0.0,0.0,0.0,1.0,0.0,0.0,0.0,0.0,0.0,-1.0,0.0,0.0,0.0,1.0
3907,3.5,6.253912867143992,CatBoost,target_price,-2.753912867143992,2.753912867143992,7.584036079821241,-0.786832247530617,0.786832247530617,1.7868322472449027,Low,severe_error,,,,,,,,,,,,,,,,,,,,,,,,,,,,,,,,,,,,,,,,,,,,,,,,,,,,,,,,,,,,,,,,,,,,,,,,,,,
5841,12.45,22.22844950713389,CatBoost,target_price,-9.778449507133892,9.778449507133892,95.61807476356708,-0.785417631032006,0.785417631032006,1.7854176309516847,High,severe_error,,,,,,,,,,,,,,,,,,,,,,,,,,,,,,,,,,,,,,,,,,,,,,,,,,,,,,,,,,,,,,,,,,,,,,,,,,,
3274,42.000001,9.134214692858542,CatBoost,target_price,32.865786307141455,32.865786307141455,1080.1599095866868,0.7825187029485771,0.7825187029485771,0.2174812970276134,Premium,severe_error,16.0,500.0,13.95,0.0,0.0,0.0,0.0,0.0,0.0,1.0,0.0,0.0,1.0,1.0,0.0,0.0,0.0,2.0,1.0,5.0,0.0,0.0,1.0,0.0,0.0,0.0,0.0,0.0,0.0,0.0,0.0,0.0,0.0,0.0,0.0,0.0,0.0,0.0,0.0,0.0,0.0,0.0,0.0,0.0,0.0,0.0,0.0,0.0,0.0,0.0,0.0,1.0,0.0,0.0,0.0,0.0,0.0,0.0,0.0,0.0,0.0,0.0,0.0,0.0,0.0,0.0,1.0,0.0,0.0,0.0,-1.0,0.0,0.0,0.0,1.0
5243,4.8,8.537524818950565,CatBoost,target_price,-3.7375248189505657,3.7375248189505657,13.969091772271458,-0.7786510037858155,0.7786510037858155,1.7786510035774823,Low,severe_error,,,,,,,,,,,,,,,,,,,,,,,,,,,,,,,,,,,,,,,,,,,,,,,,,,,,,,,,,,,,,,,,,,,,,,,,,,,
1192,1.9,3.377058357299866,CatBoost,target_price,-1.477058357299866,1.477058357299866,2.181701390869379,-0.7773991350118248,0.7773991350118248,1.777399134485509,Low,severe_error,8.0,0.0,13.95,0.0,0.0,0.0,1.0,0.0,0.0,1.0,0.0,0.0,1.0,1.0,0.0,0.0,0.0,2.0,1.0,3.0,1.0,0.0,0.0,0.0,0.0,0.0,0.0,0.0,0.0,0.0,0.0,0.0,0.0,0.0,0.0,0.0,0.0,0.0,0.0,0.0,0.0,0.0,0.0,0.0,0.0,0.0,0.0,0.0,0.0,0.0,0.0,1.0,0.0,0.0,0.0,0.0,0.0,0.0,0.0,0.0,0.0,0.0,0.0,0.0,0.0,0.0,1.0,0.0,0.0,0.0,-1.0,0.0,0.0,0.0,1.0
1034,8.5,15.02088466562501,CatBoost,target_price,-6.52088466562501,6.52088466562501,42.5219368223834,-0.767162901747982,0.767162901747982,1.767162901630335,Mid,severe_error,16.0,512.0,0.0,0.0,0.0,0.0,0.0,1.0,0.0,1.0,0.0,0.0,0.0,1.0,0.0,0.0,0.0,3.0,1.0,6.0,0.0,0.0,0.0,0.0,0.0,1.0,0.0,0.0,0.0,0.0,0.0,0.0,0.0,0.0,0.0,0.0,0.0,0.0,0.0,0.0,0.0,0.0,0.0,0.0,0.0,0.0,0.0,0.0,0.0,0.0,0.0,1.0,0.0,0.0,0.0,0.0,0.0,0.0,0.0,0.0,0.0,0.0,0.0,0.0,0.0,0.0,1.0,0.0,0.0,0.0,2.0,0.0,1.0,0.0,0.0
5322,5.5,9.669730169066405,CatBoost,target_price,-4.169730169066405,4.169730169066405,17.386649682822547,-0.7581327578742313,0.7581327578742313,1.758132757692413,Low,severe_error,8.0,512.0,15.95,0.0,0.0,0.0,0.0,0.0,0.0,0.0,0.0,0.0,0.0,1.0,0.0,0.0,0.0,2.0,1.0,5.0,0.0,1.0,0.0,0.0,0.0,0.0,0.0,0.0,0.0,0.0,0.0,0.0,0.0,0.0,0.0,0.0,0.0,0.0,0.0,0.0,0.0,0.0,0.0,0.0,0.0,0.0,0.0,0.0,0.0,0.0,1.0,0.0,0.0,0.0,0.0,0.0,0.0,0.0,0.0,0.0,0.0,0.0,0.0,0.0,0.0,0.0,1.0,0.0,0.0,0.0,2.0,0.0,1.0,0.0,0.0
5782,11.89,20.84313629977642,CatBoost,target_price,-8.953136299776418,8.953136299776418,80.15864960237417,-0.7529971656033154,0.7529971656033154,1.7529971655192111,High,severe_error,,,,,,,,,,,,,,,,,,,,,,,,,,,,,,,,,,,,,,,,,,,,,,,,,,,,,,,,,,,,,,,,,,,,,,,,,,,
3605,4.0,6.983508513636826,CatBoost,target_price,-2.983508513636826,2.983508513636826,8.901323050943423,-0.7458771282227372,0.7458771282227372,1.7458771279727372,Low,severe_error,,,,,,,,,,,,,,,,,,,,,,,,,,,,,,,,,,,,,,,,,,,,,,,,,,,,,,,,,,,,,,,,,,,,,,,,,,,
6712,11.99,20.932148905580863,CatBoost,target_price,-8.942148905580863,8.942148905580863,79.96202704958102,-0.7458005758828242,0.7458005758828242,1.7458005757994213,High,severe_error,,,,,,,,,,,,,,,,,,,,,,,,,,,,,,,,,,,,,,,,,,,,,,,,,,,,,,,,,,,,,,,,,,,,,,,,,,,
6309,21.5,37.529191750612426,CatBoost,target_price,-16.029191750612426,16.029191750612426,256.93498817790146,-0.7455438023193899,0.7455438023193899,1.7455438022728782,Premium,severe_error,,,,,,,,,,,,,,,,,,,,,,,,,,,,,,,,,,,,,,,,,,,,,,,,,,,,,,,,,,,,,,,,,,,,,,,,,,,
2182,31.5,8.032404177262544,CatBoost,target_price,23.467595822737454,23.467595822737454,550.7280536993646,0.7450030419680145,0.7450030419680145,0.2549969580002396,Premium,severe_error,,,,,,,,,,,,,,,,,,,,,,,,,,,,,,,,,,,,,,,,,,,,,,,,,,,,,,,,,,,,,,,,,,,,,,,,,,,
2641,4.5,7.851660652387112,CatBoost,target_price,-3.351660652387112,3.351660652387112,11.233629128760002,-0.744813478142733,0.744813478142733,1.744813477920511,Low,severe_error,8.0,512.0,13.95,0.0,0.0,0.0,0.0,0.0,0.0,1.0,0.0,0.0,0.0,1.0,0.0,0.0,0.0,2.0,0.0,6.0,0.0,0.0,0.0,0.0,0.0,1.0,0.0,0.0,0.0,0.0,0.0,0.0,0.0,0.0,0.0,0.0,0.0,0.0,0.0,0.0,0.0,0.0,0.0,0.0,0.0,0.0,0.0,0.0,0.0,0.0,0.0,1.0,0.0,0.0,0.0,0.0,0.0,0.0,0.0,0.0,0.0,0.0,0.0,0.0,0.0,0.0,1.0,0.0,0.0,0.0,0.0,0.0,0.0,1.0,0.0
478,5.25,9.125491536225958,CatBoost,target_price,-3.875491536225958,3.875491536225958,15.019434647359036,-0.7381888639024322,0.7381888639024322,1.738188863711956,Low,severe_error,,,,,,,,,,,,,,,,,,,,,,,,,,,,,,,,,,,,,,,,,,,,,,,,,,,,,,,,,,,,,,,,,,,,,,,,,,,
5558,17.5,30.411890285192527,CatBoost,target_price,-12.911890285192529,12.911890285192529,166.71691073684914,-0.7378223019688402,0.7378223019688402,1.7378223019116974,High,severe_error,16.0,1024.0,15.6,0.0,0.0,0.0,0.0,0.0,0.0,1.0,0.0,0.0,0.0,1.0,0.0,0.0,1.0,2.0,2.0,6.0,0.0,0.0,0.0,0.0,0.0,1.0,0.0,0.0,0.0,0.0,0.0,0.0,0.0,0.0,0.0,0.0,0.0,0.0,0.0,0.0,0.0,0.0,0.0,0.0,0.0,0.0,0.0,0.0,0.0,0.0,0.0,1.0,0.0,0.0,0.0,0.0,0.0,0.0,0.0,0.0,0.0,0.0,0.0,0.0,0.0,0.0,1.0,0.0,0.0,0.0,0.0,0.0,0.0,1.0,0.0
4125,2.2,3.823126158460866,CatBoost,target_price,-1.6231261584608658,1.6231261584608658,2.634538526279928,-0.7377846171468551,0.7377846171468551,1.7377846166923094,Low,severe_error,,,,,,,,,,,,,,,,,,,,,,,,,,,,,,,,,,,,,,,,,,,,,,,,,,,,,,,,,,,,,,,,,,,,,,,,,,,
997,13.5,23.43461714260851,CatBoost,target_price,-9.93461714260851,9.93461714260851,98.69661777021086,-0.7358975660646379,0.7358975660646379,1.7358975659905638,High,severe_error,,,,,,,,,,,,,,,,,,,,,,,,,,,,,,,,,,,,,,,,,,,,,,,,,,,,,,,,,,,,,,,,,,,,,,,,,,,
5108,3.8,6.592264790380488,CatBoost,target_price,-2.7922647903804885,2.7922647903804885,7.796742659598594,-0.734806523590969,0.734806523590969,1.734806523327811,Low,severe_error,8.0,256.0,13.95,0.0,1.0,0.0,0.0,0.0,0.0,0.0,0.0,0.0,0.0,1.0,0.0,0.0,0.0,2.0,1.0,5.0,0.0,0.0,0.0,1.0,0.0,0.0,0.0,0.0,0.0,0.0,0.0,0.0,0.0,0.0,0.0,0.0,0.0,0.0,0.0,0.0,0.0,0.0,0.0,0.0,0.0,0.0,0.0,0.0,0.0,0.0,0.0,0.0,0.0,0.0,0.0,0.0,0.0,0.0,0.0,0.0,0.0,0.0,0.0,1.0,0.0,0.0,1.0,0.0,0.0,0.0,0.0,0.0,0.0,1.0,0.0
5710,4.5,7.802916669802159,CatBoost,target_price,-3.3029166698021597,3.3029166698021597,10.909258527656986,-0.7339814820151506,0.7339814820151506,1.7339814817929284,Low,severe_error,,,,,,,,,,,,,,,,,,,,,,,,,,,,,,,,,,,,,,,,,,,,,,,,,,,,,,,,,,,,,,,,,,,,,,,,,,,
6827,25.49,44.179817489508125,CatBoost,target_price,-18.68981748950813,18.68981748950813,349.30927779112386,-0.7332215570331465,0.7332215570331465,1.7332215569939156,Premium,severe_error,,,,,,,,,,,,,,,,,,,,,,,,,,,,,,,,,,,,,,,,,,,,,,,,,,,,,,,,,,,,,,,,,,,,,,,,,,,
877,5.5,9.52324748556698,CatBoost,target_price,-4.02324748556698,4.02324748556698,16.186520330121027,-0.7314995426973601,0.7314995426973601,1.731499542515542,Low,severe_error,,,,,,,,,,,,,,,,,,,,,,,,,,,,,,,,,,,,,,,,,,,,,,,,,,,,,,,,,,,,,,,,,,,,,,,,,,,
2199,1.5,2.5909026078151403,CatBoost,target_price,-1.0909026078151405,1.0909026078151405,1.1900684997378737,-0.7272684047252479,0.7272684047252479,1.727268404058581,Low,severe_error,,,,,,,,,,,,,,,,,,,,,,,,,,,,,,,,,,,,,,,,,,,,,,,,,,,,,,,,,,,,,,,,,,,,,,,,,,,
339,5.5,9.48993974392738,CatBoost,target_price,-3.98993974392738,3.98993974392738,15.919619160171283,-0.7254435896730793,0.7254435896730793,1.7254435894912612,Low,severe_error,,,,,,,,,,,,,,,,,,,,,,,,,,,,,,,,,,,,,,,,,,,,,,,,,,,,,,,,,,,,,,,,,,,,,,,,,,,
4436,5.79,1.6097524579152471,CatBoost,target_price,4.180247542084753,4.180247542084753,17.474469513105618,0.721977122860583,0.721977122860583,0.2780228769667054,Low,severe_error,,,,,,,,,,,,,,,,,,,,,,,,,,,,,,,,,,,,,,,,,,,,,,,,,,,,,,,,,,,,,,,,,,,,,,,,,,,
1618,3.25,5.591491553076574,CatBoost,target_price,-2.3414915530765743,2.3414915530765743,5.482582693128948,-0.7204589391864971,0.7204589391864971,1.7204589388788047,Low,severe_error,,,,,,,,,,,,,,,,,,,,,,,,,,,,,,,,,,,,,,,,,,,,,,,,,,,,,,,,,,,,,,,,,,,,,,,,,,,
376,1.7,2.923396656876367,CatBoost,target_price,-1.223396656876367,1.223396656876367,1.4966993800562711,-0.7196450918568952,0.7196450918568952,1.7196450912686598,Low,severe_error,,,,,,,,,,,,,,,,,,,,,,,,,,,,,,,,,,,,,,,,,,,,,,,,,,,,,,,,,,,,,,,,,,,,,,,,,,,
3252,2.6,4.4488330742773385,CatBoost,target_price,-1.8488330742773385,1.8488330742773385,3.418183736541794,-0.7110896436793264,0.7110896436793264,1.711089643294711,Low,severe_error,,,,,,,,,,,,,,,,,,,,,,,,,,,,,,,,,,,,,,,,,,,,,,,,,,,,,,,,,,,,,,,,,,,,,,,,,,,
4339,3.5,5.977526460724556,CatBoost,target_price,-2.4775264607245564,2.4775264607245564,6.138137363590347,-0.7078647028619119,0.7078647028619119,1.7078647025761975,Low,severe_error,,,,,,,,,,,,,,,,,,,,,,,,,,,,,,,,,,,,,,,,,,,,,,,,,,,,,,,,,,,,,,,,,,,,,,,,,,,
4467,4.95,8.446871043419772,CatBoost,target_price,-3.4968710434197723,3.4968710434197723,12.228107094307688,-0.7064385944875421,0.7064385944875421,1.7064385942855218,Low,severe_error,,,,,,,,,,,,,,,,,,,,,,,,,,,,,,,,,,,,,,,,,,,,,,,,,,,,,,,,,,,,,,,,,,,,,,,,,,,
6142,18.2,30.914031555427385,CatBoost,target_price,-12.714031555427386,12.714031555427386,161.64659839240332,-0.698573162347737,0.698573162347737,1.698573162292792,High,severe_error,,,,,,,,,,,,,,,,,,,,,,,,,,,,,,,,,,,,,,,,,,,,,,,,,,,,,,,,,,,,,,,,,,,,,,,,,,,
5202,2.0,3.393834524309036,CatBoost,target_price,-1.3938345243090358,1.3938345243090358,1.942774681155796,-0.6969172618060592,0.6969172618060592,1.6969172613060592,Low,severe_error,,,,,,,,,,,,,,,,,,,,,,,,,,,,,,,,,,,,,,,,,,,,,,,,,,,,,,,,,,,,,,,,,,,,,,,,,,,
4163,5.0,1.6045202819358657,CatBoost,target_price,3.3954797180641343,3.3954797180641343,11.529282515784892,0.6790959434770076,0.6790959434770076,0.3209040563229923,Low,severe_error,,,,,,,,,,,,,,,,,,,,,,,,,,,,,,,,,,,,,,,,,,,,,,,,,,,,,,,,,,,,,,,,,,,,,,,,,,,
4500,1.85,3.104308299514651,CatBoost,target_price,-1.2543082995146508,1.2543082995146508,1.573289310231335,-0.6780044858576466,0.6780044858576466,1.678004485317106,Low,severe_error,,,,,,,,,,,,,,,,,,,,,,,,,,,,,,,,,,,,,,,,,,,,,,,,,,,,,,,,,,,,,,,,,,,,,,,,,,,
4273,2.5,0.8078485761344982,CatBoost,target_price,1.6921514238655018,1.6921514238655018,2.863376441290045,0.6768605692754565,0.6768605692754565,0.3231394303245435,Low,severe_error,,,,,,,,,,,,,,,,,,,,,,,,,,,,,,,,,,,,,,,,,,,,,,,,,,,,,,,,,,,,,,,,,,,,,,,,,,,
2921,3.8,6.370146335675495,CatBoost,target_price,-2.5701463356754948,2.5701463356754948,6.605652186786173,-0.6763542986839843,0.6763542986839843,1.6763542984208264,Low,severe_error,8.0,256.0,15.95,0.0,0.0,0.0,0.0,0.0,0.0,1.0,0.0,0.0,0.0,1.0,0.0,0.0,0.0,2.0,1.0,5.0,0.0,1.0,0.0,0.0,0.0,0.0,0.0,0.0,0.0,0.0,0.0,0.0,0.0,0.0,0.0,0.0,0.0,0.0,0.0,0.0,0.0,0.0,0.0,0.0,0.0,0.0,0.0,0.0,0.0,0.0,0.0,1.0,0.0,0.0,0.0,0.0,0.0,0.0,0.0,0.0,0.0,0.0,0.0,0.0,0.0,0.0,1.0,0.0,0.0,0.0,2.0,0.0,1.0,0.0,0.0
3624,1.4,2.345396403829886,CatBoost,target_price,-0.945396403829886,0.945396403829886,0.8937743603744811,-0.6752831451104306,0.6752831451104306,1.675283144396145,Low,severe_error,,,,,,,,,,,,,,,,,,,,,,,,,,,,,,,,,,,,,,,,,,,,,,,,,,,,,,,,,,,,,,,,,,,,,,,,,,,
5844,13.99,23.372522472751,CatBoost,target_price,-9.382522472750995,9.382522472750995,88.03172795167748,-0.6706592188763644,0.6706592188763644,1.6706592188048848,High,severe_error,,,,,,,,,,,,,,,,,,,,,,,,,,,,,,,,,,,,,,,,,,,,,,,,,,,,,,,,,,,,,,,,,,,,,,,,,,,
2263,12.0,20.002030615381884,CatBoost,target_price,-8.002030615381884,8.002030615381884,64.03249396950896,-0.6668358845595873,0.6668358845595873,1.666835884476254,High,severe_error,,,,,,,,,,,,,,,,,,,,,,,,,,,,,,,,,,,,,,,,,,,,,,,,,,,,,,,,,,,,,,,,,,,,,,,,,,,
1718,4.5,7.475161689648326,CatBoost,target_price,-2.975161689648326,2.975161689648326,8.851587079551082,-0.6611470419971509,0.6611470419971509,1.6611470417749286,Low,severe_error,8.0,256.0,13.95,0.0,0.0,0.0,0.0,0.0,0.0,1.0,0.0,0.0,0.0,1.0,0.0,0.0,0.0,3.0,1.0,5.0,0.0,0.0,0.0,1.0,0.0,0.0,0.0,0.0,0.0,0.0,0.0,0.0,0.0,0.0,0.0,0.0,0.0,0.0,0.0,0.0,0.0,0.0,0.0,0.0,0.0,0.0,0.0,0.0,0.0,0.0,0.0,1.0,0.0,0.0,0.0,0.0,0.0,0.0,0.0,0.0,0.0,0.0,0.0,0.0,0.0,0.0,1.0,0.0,0.0,0.0,0.0,0.0,0.0,1.0,0.0
4022,15.5,5.2618729065250704,CatBoost,target_price,10.23812709347493,10.23812709347493,104.8192463821454,0.6605243285686713,0.6605243285686713,0.3394756713668125,High,severe_error,,,,,,,,,,,,,,,,,,,,,,,,,,,,,,,,,,,,,,,,,,,,,,,,,,,,,,,,,,,,,,,,,,,,,,,,,,,
1886,3.15,5.226096128015797,CatBoost,target_price,-2.076096128015797,2.076096128015797,4.310175132762185,-0.6590781356687997,0.6590781356687997,1.6590781353513393,Low,severe_error,,,,,,,,,,,,,,,,,,,,,,,,,,,,,,,,,,,,,,,,,,,,,,,,,,,,,,,,,,,,,,,,,,,,,,,,,,,
5803,12.8,21.213475837256865,CatBoost,target_price,-8.413475837256865,8.413475837256865,70.7865756641051,-0.6573027997343407,0.6573027997343407,1.6573027996562155,High,severe_error,,,,,,,,,,,,,,,,,,,,,,,,,,,,,,,,,,,,,,,,,,,,,,,,,,,,,,,,,,,,,,,,,,,,,,,,,,,
7027,17.6,29.16604225486818,CatBoost,target_price,-11.56604225486818,11.56604225486818,133.7733334413962,-0.657161491716535,0.657161491716535,1.6571614916597168,High,severe_error,16.0,1024.0,15.6,0.0,0.0,0.0,0.0,0.0,0.0,1.0,0.0,0.0,0.0,1.0,0.0,0.0,1.0,2.0,2.0,6.0,0.0,0.0,0.0,0.0,0.0,0.0,0.0,0.0,1.0,0.0,0.0,0.0,0.0,0.0,0.0,0.0,0.0,0.0,0.0,0.0,0.0,0.0,0.0,0.0,0.0,0.0,0.0,0.0,0.0,0.0,0.0,1.0,0.0,0.0,0.0,0.0,0.0,0.0,0.0,0.0,0.0,0.0,0.0,0.0,0.0,0.0,1.0,0.0,0.0,0.0,0.0,0.0,0.0,1.0,0.0
1916,1.8,2.980834972928264,CatBoost,target_price,-1.180834972928264,1.180834972928264,1.3943712332904936,-0.6560194290401358,0.6560194290401358,1.6560194284845802,Low,severe_error,,,,,,,,,,,,,,,,,,,,,,,,,,,,,,,,,,,,,,,,,,,,,,,,,,,,,,,,,,,,,,,,,,,,,,,,,,,
3358,3.65,6.035927618831954,CatBoost,target_price,-2.385927618831954,2.385927618831954,5.692650602305117,-0.6536787995008972,0.6536787995008972,1.6536787992269246,Low,severe_error,8.0,256.0,13.95,0.0,0.0,0.0,0.0,0.0,0.0,0.0,0.0,0.0,1.0,0.0,0.0,1.0,0.0,2.0,1.0,5.0,0.0,0.0,1.0,0.0,0.0,0.0,0.0,0.0,0.0,0.0,0.0,0.0,0.0,0.0,0.0,0.0,0.0,0.0,0.0,0.0,0.0,0.0,0.0,1.0,0.0,0.0,0.0,0.0,0.0,0.0,0.0,0.0,0.0,0.0,0.0,0.0,0.0,0.0,0.0,0.0,0.0,0.0,0.0,0.0,0.0,0.0,1.0,0.0,0.0,0.0,-1.0,0.0,0.0,0.0,1.0
185,2.9,4.795099489683583,CatBoost,target_price,-1.895099489683583,1.895099489683583,3.5914020757989773,-0.6534825824241726,0.6534825824241726,1.653482582079345,Low,severe_error,,,,,,,,,,,,,,,,,,,,,,,,,,,,,,,,,,,,,,,,,,,,,,,,,,,,,,,,,,,,,,,,,,,,,,,,,,,
2996,18.99,31.38881819542885,CatBoost,target_price,-12.398818195428852,12.398818195428852,153.73069264329757,-0.6529130171024718,0.6529130171024718,1.6529130170498123,High,severe_error,,,,,,,,,,,,,,,,,,,,,,,,,,,,,,,,,,,,,,,,,,,,,,,,,,,,,,,,,,,,,,,,,,,,,,,,,,,
322,5.89,2.0934204036612183,CatBoost,target_price,3.796579596338781,3.796579596338781,14.414016631335944,0.6445805765185401,0.6445805765185401,0.3554194233116806,Mid,severe_error,,,,,,,,,,,,,,,,,,,,,,,,,,,,,,,,,,,,,,,,,,,,,,,,,,,,,,,,,,,,,,,,,,,,,,,,,,,
5417,18.99,31.225246240249223,CatBoost,target_price,-12.235246240249223,12.235246240249223,149.7012505595328,-0.6442994333651884,0.6442994333651884,1.6442994333125291,High,severe_error,,,,,,,,,,,,,,,,,,,,,,,,,,,,,,,,,,,,,,,,,,,,,,,,,,,,,,,,,,,,,,,,,,,,,,,,,,,
4940,3.5,5.754371948605879,CatBoost,target_price,-2.254371948605879,2.254371948605879,5.082192882661069,-0.6441062708462207,0.6441062708462207,1.6441062705605065,Low,severe_error,,,,,,,,,,,,,,,,,,,,,,,,,,,,,,,,,,,,,,,,,,,,,,,,,,,,,,,,,,,,,,,,,,,,,,,,,,,
6375,18.499,30.40817593509138,CatBoost,target_price,-11.90917593509138,11.90917593509138,141.82847145295963,-0.6437740382965353,0.6437740382965353,1.6437740382424784,High,severe_error,,,,,,,,,,,,,,,,,,,,,,,,,,,,,,,,,,,,,,,,,,,,,,,,,,,,,,,,,,,,,,,,,,,,,,,,,,,
5275,7.2,11.8250759508016,CatBoost,target_price,-4.625075950801599,4.625075950801599,21.391327550683314,-0.6423716597443371,0.6423716597443371,1.6423716596054485,Mid,severe_error,,,,,,,,,,,,,,,,,,,,,,,,,,,,,,,,,,,,,,,,,,,,,,,,,,,,,,,,,,,,,,,,,,,,,,,,,,,
2291,5.2,8.537524818950565,CatBoost,target_price,-3.3375248189505653,3.3375248189505653,11.139071917111004,-0.6418316958286026,0.6418316958286026,1.6418316956362948,Low,severe_error,16.0,256.0,13.95,0.0,0.0,0.0,0.0,0.0,0.0,0.0,0.0,0.0,0.0,1.0,0.0,0.0,0.0,2.0,1.0,5.0,0.0,0.0,0.0,0.0,0.0,0.0,0.0,1.0,0.0,0.0,0.0,0.0,0.0,0.0,0.0,0.0,0.0,0.0,0.0,0.0,0.0,0.0,0.0,0.0,0.0,0.0,0.0,0.0,0.0,0.0,0.0,0.0,0.0,0.0,0.0,0.0,0.0,0.0,1.0,0.0,0.0,0.0,0.0,0.0,1.0,0.0,0.0,0.0,0.0,0.0,0.0,0.0,0.0,1.0,0.0
2168,3.1399,5.14785453844083,CatBoost,target_price,-2.0079545384408304,2.0079545384408304,4.0318814284451285,-0.6394963335779273,0.6394963335779273,1.639496333259446,Low,severe_error,,,,,,,,,,,,,,,,,,,,,,,,,,,,,,,,,,,,,,,,,,,,,,,,,,,,,,,,,,,,,,,,,,,,,,,,,,,
469,6.5,10.654814463993564,CatBoost,target_price,-4.154814463993564,4.154814463993564,17.262483230210123,-0.6392022251314402,0.6392022251314402,1.639202224977594,Mid,severe_error,16.0,512.0,13.95,0.0,0.0,0.0,0.0,0.0,0.0,1.0,0.0,0.0,1.0,1.0,0.0,0.0,0.0,1.0,0.0,6.0,0.0,0.0,0.0,0.0,0.0,0.0,0.0,1.0,0.0,0.0,0.0,0.0,0.0,0.0,0.0,0.0,0.0,0.0,0.0,0.0,0.0,0.0,0.0,0.0,0.0,0.0,0.0,0.0,0.0,0.0,0.0,1.0,0.0,0.0,0.0,0.0,0.0,0.0,0.0,0.0,0.0,0.0,0.0,0.0,0.0,0.0,1.0,0.0,0.0,0.0,-1.0,0.0,0.0,0.0,1.0
7206,14.3,23.427731181934305,CatBoost,target_price,-9.127731181934305,9.127731181934305,83.31547652965583,-0.6383028798109092,0.6383028798109092,1.638302879740979,High,severe_error,,,,,,,,,,,,,,,,,,,,,,,,,,,,,,,,,,,,,,,,,,,,,,,,,,,,,,,,,,,,,,,,,,,,,,,,,,,
429,3.9,6.387317566890758,CatBoost,target_price,-2.487317566890758,2.487317566890758,6.18674867856336,-0.6377737349366626,0.6377737349366626,1.6377737346802523,Low,severe_error,,,,,,,,,,,,,,,,,,,,,,,,,,,,,,,,,,,,,,,,,,,,,,,,,,,,,,,,,,,,,,,,,,,,,,,,,,,
2351,1.8,2.9404017529864888,CatBoost,target_price,-1.1404017529864887,1.1404017529864887,1.3005161582146565,-0.6335565290849623,0.6335565290849623,1.6335565285294067,Low,severe_error,,,,,,,,,,,,,,,,,,,,,,,,,,,,,,,,,,,,,,,,,,,,,,,,,,,,,,,,,,,,,,,,,,,,,,,,,,,
2118,5.3,8.649924389676631,CatBoost,target_price,-3.349924389676631,3.349924389676631,11.22199341655035,-0.6320612054801076,0.6320612054801076,1.6320612052914285,Low,severe_error,,,,,,,,,,,,,,,,,,,,,,,,,,,,,,,,,,,,,,,,,,,,,,,,,,,,,,,,,,,,,,,,,,,,,,,,,,,
2881,8.6,14.0300822151693,CatBoost,target_price,-5.4300822151693,5.4300822151693,29.48579286349793,-0.6314049086671971,0.6314049086671971,1.631404908550918,Mid,severe_error,,,,,,,,,,,,,,,,,,,,,,,,,,,,,,,,,,,,,,,,,,,,,,,,,,,,,,,,,,,,,,,,,,,,,,,,,,,
511,9.8,15.967168104031252,CatBoost,target_price,-6.167168104031251,6.167168104031251,38.03396242338042,-0.6293028676940763,0.6293028676940763,1.6293028675920356,Mid,severe_error,,,,,,,,,,,,,,,,,,,,,,,,,,,,,,,,,,,,,,,,,,,,,,,,,,,,,,,,,,,,,,,,,,,,,,,,,,,
6937,11.99,19.52063151955994,CatBoost,target_price,-7.530631519559941,7.530631519559941,56.71041108338967,-0.6280760232637085,0.6280760232637085,1.6280760231803058,High,severe_error,,,,,,,,,,,,,,,,,,,,,,,,,,,,,,,,,,,,,,,,,,,,,,,,,,,,,,,,,,,,,,,,,,,,,,,,,,,
100,1.4,2.27424292188379,CatBoost,target_price,-0.8742429218837899,0.8742429218837899,0.7643006864639065,-0.6244592294709506,0.6244592294709506,1.6244592287566648,Low,severe_error,,,,,,,,,,,,,,,,,,,,,,,,,,,,,,,,,,,,,,,,,,,,,,,,,,,,,,,,,,,,,,,,,,,,,,,,,,,
1436,2.75,4.465861449239403,CatBoost,target_price,-1.715861449239403,1.715861449239403,2.944180512985945,-0.6239496176783468,0.6239496176783468,1.6239496173147103,Low,severe_error,8.0,256.0,0.0,0.0,0.0,0.0,0.0,1.0,0.0,1.0,0.0,0.0,1.0,1.0,0.0,0.0,0.0,2.0,1.0,5.0,0.0,0.0,0.0,1.0,0.0,0.0,0.0,0.0,0.0,0.0,0.0,0.0,0.0,0.0,0.0,0.0,0.0,0.0,0.0,0.0,0.0,0.0,0.0,0.0,0.0,0.0,0.0,0.0,0.0,0.0,0.0,1.0,0.0,0.0,0.0,0.0,0.0,0.0,0.0,0.0,0.0,0.0,0.0,0.0,0.0,0.0,1.0,0.0,0.0,0.0,-1.0,0.0,0.0,0.0,1.0
3901,4.0,6.487423498181823,CatBoost,target_price,-2.487423498181822,2.487423498181822,6.187275659307096,-0.6218558743899917,0.6218558743899917,1.6218558741399915,Low,severe_error,,,,,,,,,,,,,,,,,,,,,,,,,,,,,,,,,,,,,,,,,,,,,,,,,,,,,,,,,,,,,,,,,,,,,,,,,,,
2516,3.0,4.863475482458885,CatBoost,target_price,-1.8634754824588848,1.8634754824588848,3.472540873725373,-0.6211584939459087,0.6211584939459087,1.6211584936125754,Low,severe_error,,,,,,,,,,,,,,,,,,,,,,,,,,,,,,,,,,,,,,,,,,,,,,,,,,,,,,,,,,,,,,,,,,,,,,,,,,,
3819,3.5,5.672605734894136,CatBoost,target_price,-2.172605734894136,2.172605734894136,4.720215679294888,-0.6207444955066832,0.6207444955066832,1.6207444952209689,Low,severe_error,,,,,,,,,,,,,,,,,,,,,,,,,,,,,,,,,,,,,,,,,,,,,,,,,,,,,,,,,,,,,,,,,,,,,,,,,,,
3306,6.8,10.974464108541817,CatBoost,target_price,-4.174464108541817,4.174464108541817,17.426150593503824,-0.613891780577636,0.613891780577636,1.6138917804305772,Mid,severe_error,0.0,0.0,0.0,0.0,0.0,1.0,1.0,1.0,0.0,1.0,1.0,1.0,1.0,0.0,0.0,1.0,0.0,3.0,1.0,0.0,0.0,0.0,0.0,0.0,0.0,1.0,0.0,0.0,0.0,0.0,0.0,0.0,0.0,0.0,0.0,0.0,0.0,0.0,0.0,0.0,0.0,0.0,0.0,0.0,0.0,0.0,0.0,0.0,0.0,0.0,0.0,1.0,0.0,0.0,0.0,0.0,0.0,0.0,0.0,0.0,0.0,0.0,0.0,0.0,0.0,0.0,0.0,0.0,1.0,0.0,-1.0,0.0,0.0,0.0,1.0
1244,10.9,17.58223506654952,CatBoost,target_price,-6.682235066549518,6.682235066549518,44.652265484624046,-0.6130490886180247,0.6130490886180247,1.6130490885262816,High,severe_error,,,,,,,,,,,,,,,,,,,,,,,,,,,,,,,,,,,,,,,,,,,,,,,,,,,,,,,,,,,,,,,,,,,,,,,,,,,
1074,5.9,9.510021024085068,CatBoost,target_price,-3.610021024085068,3.610021024085068,13.032251794336204,-0.6118679700802033,0.6118679700802033,1.6118679699107117,Mid,severe_error,,,,,,,,,,,,,,,,,,,,,,,,,,,,,,,,,,,,,,,,,,,,,,,,,,,,,,,,,,,,,,,,,,,,,,,,,,,
611,3.3,5.290669514281754,CatBoost,target_price,-1.9906695142817543,1.9906695142817543,3.962765115090757,-0.6032331859631883,0.6032331859631883,1.603233185660158,Low,severe_error,,,,,,,,,,,,,,,,,,,,,,,,,,,,,,,,,,,,,,,,,,,,,,,,,,,,,,,,,,,,,,,,,,,,,,,,,,,
2413,3.9,6.219821889784264,CatBoost,target_price,-2.319821889784264,2.319821889784264,5.381573600322232,-0.5948261254331891,0.5948261254331891,1.5948261251767788,Low,severe_error,,,,,,,,,,,,,,,,,,,,,,,,,,,,,,,,,,,,,,,,,,,,,,,,,,,,,,,,,,,,,,,,,,,,,,,,,,,
208,7.99,12.72778656467434,CatBoost,target_price,-4.737786564674339,4.737786564674339,22.446621532408678,-0.5929645261678816,0.5929645261678816,1.5929645260427252,Mid,severe_error,,,,,,,,,,,,,,,,,,,,,,,,,,,,,,,,,,,,,,,,,,,,,,,,,,,,,,,,,,,,,,,,,,,,,,,,,,,
4427,2.0,0.8201514208655407,CatBoost,target_price,1.1798485791344593,1.1798485791344593,1.3920426696856023,0.5899242892722675,0.5899242892722675,0.4100757102277325,Low,severe_error,,,,,,,,,,,,,,,,,,,,,,,,,,,,,,,,,,,,,,,,,,,,,,,,,,,,,,,,,,,,,,,,,,,,,,,,,,,
6848,10.29,16.357773110767717,CatBoost,target_price,-6.0677731107677175,6.0677731107677175,36.817870523755744,-0.5896766870921323,0.5896766870921323,1.5896766869949506,Mid,severe_error,,,,,,,,,,,,,,,,,,,,,,,,,,,,,,,,,,,,,,,,,,,,,,,,,,,,,,,,,,,,,,,,,,,,,,,,,,,
4558,7.999,12.685761537013732,CatBoost,target_price,-4.686761537013733,4.686761537013733,21.96573370483133,-0.585918431857459,0.585918431857459,1.5859184317324433,Mid,severe_error,,,,,,,,,,,,,,,,,,,,,,,,,,,,,,,,,,,,,,,,,,,,,,,,,,,,,,,,,,,,,,,,,,,,,,,,,,,
4479,1.8,2.85395697272122,CatBoost,target_price,-1.0539569727212197,1.0539569727212197,1.1108253003476778,-0.5855316511864933,0.5855316511864933,1.5855316506309378,Low,severe_error,,,,,,,,,,,,,,,,,,,,,,,,,,,,,,,,,,,,,,,,,,,,,,,,,,,,,,,,,,,,,,,,,,,,,,,,,,,
544,3.8,6.005827685185004,CatBoost,target_price,-2.205827685185004,2.205827685185004,4.865675776728633,-0.5804809696327693,0.5804809696327693,1.5804809693696114,Low,severe_error,0.0,0.0,13.95,0.0,0.0,1.0,1.0,0.0,0.0,0.0,0.0,0.0,1.0,0.0,0.0,1.0,0.0,2.0,1.0,5.0,0.0,0.0,1.0,0.0,0.0,0.0,0.0,0.0,0.0,0.0,0.0,0.0,0.0,0.0,0.0,0.0,0.0,0.0,0.0,0.0,0.0,0.0,0.0,1.0,0.0,0.0,0.0,0.0,0.0,0.0,0.0,0.0,0.0,0.0,0.0,0.0,0.0,0.0,0.0,0.0,0.0,0.0,0.0,0.0,0.0,0.0,1.0,0.0,0.0,0.0,-1.0,0.0,0.0,0.0,1.0
4511,8.99,14.19049312840292,CatBoost,target_price,-5.20049312840292,5.20049312840292,27.045128778565992,-0.5784753201139538,0.5784753201139538,1.578475320002719,Mid,severe_error,,,,,,,,,,,,,,,,,,,,,,,,,,,,,,,,,,,,,,,,,,,,,,,,,,,,,,,,,,,,,,,,,,,,,,,,,,,
6639,8.199,12.88333278120968,CatBoost,target_price,-4.68433278120968,4.68433278120968,21.94297360511561,-0.5713297695619405,0.5713297695619405,1.5713297694399744,Mid,severe_error,,,,,,,,,,,,,,,,,,,,,,,,,,,,,,,,,,,,,,,,,,,,,,,,,,,,,,,,,,,,,,,,,,,,,,,,,,,
6504,14.79,23.22782354404992,CatBoost,target_price,-8.43782354404992,8.43782354404992,71.19686616052314,-0.5705086912426918,0.5705086912426918,1.5705086911750783,High,severe_error,8.0,512.0,14.0,0.0,0.0,0.0,0.0,0.0,0.0,1.0,0.0,0.0,0.0,1.0,0.0,0.0,1.0,2.0,2.0,6.0,0.0,0.0,0.0,0.0,0.0,0.0,0.0,0.0,1.0,0.0,0.0,0.0,0.0,0.0,0.0,0.0,0.0,0.0,0.0,0.0,0.0,0.0,0.0,0.0,0.0,0.0,0.0,0.0,0.0,0.0,0.0,1.0,0.0,0.0,0.0,0.0,0.0,0.0,0.0,0.0,0.0,0.0,0.0,0.0,0.0,0.0,1.0,0.0,0.0,0.0,0.0,0.0,0.0,1.0,0.0
3197,2.8,1.2137378813989113,CatBoost,target_price,1.5862621186010886,1.5862621186010886,2.516227508908814,0.5665221850123452,0.5665221850123452,0.4334778146305119,Low,severe_error,,,,,,,,,,,,,,,,,,,,,,,,,,,,,,,,,,,,,,,,,,,,,,,,,,,,,,,,,,,,,,,,,,,,,,,,,,,
1858,16.8,26.29176526482288,CatBoost,target_price,-9.49176526482288,9.49176526482288,90.09360784249816,-0.5649860276343985,0.5649860276343985,1.5649860275748746,High,severe_error,,,,,,,,,,,,,,,,,,,,,,,,,,,,,,,,,,,,,,,,,,,,,,,,,,,,,,,,,,,,,,,,,,,,,,,,,,,
534,2.0,3.126555675434881,CatBoost,target_price,-1.126555675434881,1.126555675434881,1.2691276898545412,-0.5632778374358016,0.5632778374358016,1.5632778369358016,Low,severe_error,,,,,,,,,,,,,,,,,,,,,,,,,,,,,,,,,,,,,,,,,,,,,,,,,,,,,,,,,,,,,,,,,,,,,,,,,,,
2827,3.6,5.623503823106889,CatBoost,target_price,-2.0235038231068887,2.0235038231068887,4.094567722128195,-0.5620843951513345,0.5620843951513345,1.5620843948735568,Low,severe_error,8.0,256.0,13.95,0.0,0.0,0.0,0.0,0.0,0.0,0.0,0.0,0.0,0.0,1.0,0.0,0.0,0.0,2.0,1.0,5.0,0.0,0.0,1.0,0.0,0.0,0.0,0.0,0.0,0.0,0.0,0.0,0.0,0.0,0.0,0.0,0.0,0.0,0.0,0.0,0.0,0.0,0.0,0.0,0.0,0.0,0.0,1.0,0.0,0.0,0.0,0.0,0.0,0.0,0.0,0.0,0.0,0.0,0.0,0.0,0.0,0.0,0.0,0.0,0.0,0.0,0.0,1.0,0.0,0.0,0.0,0.0,0.0,0.0,1.0,0.0
6977,13.99,21.80983283305673,CatBoost,target_price,-7.819832833056731,7.819832833056731,61.14978553695206,-0.5589587442814705,0.5589587442814705,1.5589587442099908,High,severe_error,,,,,,,,,,,,,,,,,,,,,,,,,,,,,,,,,,,,,,,,,,,,,,,,,,,,,,,,,,,,,,,,,,,,,,,,,,,
176,7.5,11.690110184692177,CatBoost,target_price,-4.190110184692177,4.190110184692177,17.55702335986111,-0.558681357884466,0.558681357884466,1.5586813577511327,Mid,severe_error,,,,,,,,,,,,,,,,,,,,,,,,,,,,,,,,,,,,,,,,,,,,,,,,,,,,,,,,,,,,,,,,,,,,,,,,,,,
1005,5.3,2.3462270605151208,CatBoost,target_price,2.953772939484879,2.953772939484879,8.724774578033143,0.5573156488542572,0.5573156488542572,0.4426843509570635,Low,severe_error,,,,,,,,,,,,,,,,,,,,,,,,,,,,,,,,,,,,,,,,,,,,,,,,,,,,,,,,,,,,,,,,,,,,,,,,,,,
4590,5.2,8.094193626413976,CatBoost,target_price,-2.894193626413976,2.894193626413976,8.376356747175278,-0.5565756972802691,0.5565756972802691,1.5565756970879614,Low,severe_error,,,,,,,,,,,,,,,,,,,,,,,,,,,,,,,,,,,,,,,,,,,,,,,,,,,,,,,,,,,,,,,,,,,,,,,,,,,
1729,6.5,10.116839886098685,CatBoost,target_price,-3.616839886098685,3.616839886098685,13.081530761674347,-0.5564369054680381,0.5564369054680381,1.556436905314192,Mid,severe_error,,,,,,,,,,,,,,,,,,,,,,,,,,,,,,,,,,,,,,,,,,,,,,,,,,,,,,,,,,,,,,,,,,,,,,,,,,,
408,7.7,11.962293875052184,CatBoost,target_price,-4.262293875052184,4.262293875052184,18.167149077307364,-0.5535446590257973,0.5535446590257973,1.5535446588959272,Mid,severe_error,,,,,,,,,,,,,,,,,,,,,,,,,,,,,,,,,,,,,,,,,,,,,,,,,,,,,,,,,,,,,,,,,,,,,,,,,,,
3717,10.0,4.4743354295113935,CatBoost,target_price,5.525664570488607,5.525664570488607,30.53296894555304,0.552566456993604,0.552566456993604,0.447433542906396,Mid,severe_error,,,,,,,,,,,,,,,,,,,,,,,,,,,,,,,,,,,,,,,,,,,,,,,,,,,,,,,,,,,,,,,,,,,,,,,,,,,
5030,11.9,18.42604766453274,CatBoost,target_price,-6.526047664532738,6.526047664532738,42.58929811975321,-0.5484073667213724,0.5484073667213724,1.5484073666373388,High,severe_error,,,,,,,,,,,,,,,,,,,,,,,,,,,,,,,,,,,,,,,,,,,,,,,,,,,,,,,,,,,,,,,,,,,,,,,,,,,
7175,43.5,67.33166318566222,CatBoost,target_price,-23.831663185662222,23.831663185662222,567.9481701948481,-0.5478543260945832,0.5478543260945832,1.547854326071595,Premium,severe_error,,,,,,,,,,,,,,,,,,,,,,,,,,,,,,,,,,,,,,,,,,,,,,,,,,,,,,,,,,,,,,,,,,,,,,,,,,,
2628,14.99,23.199210666268257,CatBoost,target_price,-8.209210666268257,8.209210666268257,67.39113976317252,-0.5476458082535431,0.5476458082535431,1.547645808186832,High,severe_error,,,,,,,,,,,,,,,,,,,,,,,,,,,,,,,,,,,,,,,,,,,,,,,,,,,,,,,,,,,,,,,,,,,,,,,,,,,
