mean_fit_time,std_fit_time,mean_score_time,std_score_time,param_subsample,param_reg_lambda,param_reg_alpha,param_num_leaves,param_n_estimators,param_min_child_samples,param_max_depth,param_learning_rate,param_colsample_bytree,params,split0_test_score,split1_test_score,split2_test_score,split3_test_score,split4_test_score,mean_test_score,std_test_score,rank_test_score,mean_rmse
9.69115047454834,1.595793041339537,0.025478696823120116,0.012250961799176046,0.9,5,0.01,15,800,80,8,0.01,0.8,"{'subsample': 0.9, 'reg_lambda': 5, 'reg_alpha': 0.01, 'num_leaves': 15, 'n_estimators': 800, 'min_child_samples': 80, 'max_depth': 8, 'learning_rate': 0.01, 'colsample_bytree': 0.8}",-6.239597959637437,-6.34783722941916,-6.095383731719007,-6.315065841667202,-6.471914904481998,-6.2939599333849605,0.12442180370684743,38,6.2939599333849605
17.92921586036682,1.6222363620372156,0.04393372535705566,0.008183569936813961,1.0,0.01,1,127,1200,40,8,0.03,0.8,"{'subsample': 1.0, 'reg_lambda': 0.01, 'reg_alpha': 1, 'num_leaves': 127, 'n_estimators': 1200, 'min_child_samples': 40, 'max_depth': 8, 'learning_rate': 0.03, 'colsample_bytree': 0.8}",-5.542393979448381,-5.3507433562355375,-5.213267737085012,-5.736697941973253,-5.81443593220226,-5.531507789388888,0.22637241573612982,18,5.531507789388888
12.721524286270142,0.6855127125758917,0.02162175178527832,0.005215939562985727,0.7,1,0,31,500,80,-1,0.03,0.8,"{'subsample': 0.7, 'reg_lambda': 1, 'reg_alpha': 0, 'num_leaves': 31, 'n_estimators': 500, 'min_child_samples': 80, 'max_depth': -1, 'learning_rate': 0.03, 'colsample_bytree': 0.8}",-6.206200553555188,-5.9198629199666435,-5.731016713316728,-6.055569309200101,-6.2363156153699055,-6.029793022281713,0.18750334701381433,34,6.029793022281713
11.719649505615234,0.2831899717150829,0.023334026336669922,0.005871699298112783,0.9,5,1,15,1600,20,4,0.05,1.0,"{'subsample': 0.9, 'reg_lambda': 5, 'reg_alpha': 1, 'num_leaves': 15, 'n_estimators': 1600, 'min_child_samples': 20, 'max_depth': 4, 'learning_rate': 0.05, 'colsample_bytree': 1.0}",-5.480537866626995,-5.3320901766875375,-5.139036186534802,-5.593532084915278,-5.711616837941107,-5.451362630541144,0.20028446095540944,7,5.451362630541144
48.60096559524536,0.0883255980994698,0.05050249099731445,0.014314431024552616,0.9,5,0.1,127,800,40,-1,0.05,0.9,"{'subsample': 0.9, 'reg_lambda': 5, 'reg_alpha': 0.1, 'num_leaves': 127, 'n_estimators': 800, 'min_child_samples': 40, 'max_depth': -1, 'learning_rate': 0.05, 'colsample_bytree': 0.9}",-5.6790848058382215,-5.420706986570848,-5.194769577086536,-5.702056940854669,-5.915633588072094,-5.582450379684473,0.24944431124536878,22,5.582450379684473
28.776399421691895,1.1828653424836844,0.059984254837036136,0.004080382178790281,1.0,5,0.01,63,1200,20,8,0.01,0.8,"{'subsample': 1.0, 'reg_lambda': 5, 'reg_alpha': 0.01, 'num_leaves': 63, 'n_estimators': 1200, 'min_child_samples': 20, 'max_depth': 8, 'learning_rate': 0.01, 'colsample_bytree': 0.8}",-5.3719204168140715,-5.458899465574142,-5.1714721785993,-5.782152947538126,-5.717589720008777,-5.500406945706883,0.22493506041850003,16,5.500406945706883
3.3775901317596437,0.08353040058519778,0.009902334213256836,0.0017812812298784553,0.7,0.1,0.01,63,500,40,4,0.01,0.8,"{'subsample': 0.7, 'reg_lambda': 0.1, 'reg_alpha': 0.01, 'num_leaves': 63, 'n_estimators': 500, 'min_child_samples': 40, 'max_depth': 4, 'learning_rate': 0.01, 'colsample_bytree': 0.8}",-6.06458427386874,-6.109820363513675,-5.976381346764775,-6.484897307580627,-6.73049764240433,-6.27323618682643,0.28714164342848725,37,6.27323618682643
42.611794757843015,2.402989769133115,0.036498308181762695,0.008510473301630224,0.7,1,0.1,63,800,40,-1,0.01,0.9,"{'subsample': 0.7, 'reg_lambda': 1, 'reg_alpha': 0.1, 'num_leaves': 63, 'n_estimators': 800, 'min_child_samples': 40, 'max_depth': -1, 'learning_rate': 0.01, 'colsample_bytree': 0.9}",-5.694717543519689,-5.7084529037100795,-5.428799029752335,-5.9623282933379524,-6.358909775853765,-5.8306415092347645,0.313461809066575,31,5.8306415092347645
79.93855061531067,0.4697426157404138,0.08344578742980957,0.008398218803660708,0.9,0.01,0,63,1600,40,-1,0.05,0.7,"{'subsample': 0.9, 'reg_lambda': 0.01, 'reg_alpha': 0, 'num_leaves': 63, 'n_estimators': 1600, 'min_child_samples': 40, 'max_depth': -1, 'learning_rate': 0.05, 'colsample_bytree': 0.7}",-5.690263035395219,-5.520084310794578,-5.296521075521954,-5.7821127937505725,-6.010550440613718,-5.6599063312152085,0.24100053189970888,26,5.6599063312152085
4.884592914581299,0.09044469978670623,0.012838506698608398,0.0004976658433303765,0.8,5,0.1,15,800,80,4,0.03,0.8,"{'subsample': 0.8, 'reg_lambda': 5, 'reg_alpha': 0.1, 'num_leaves': 15, 'n_estimators': 800, 'min_child_samples': 80, 'max_depth': 4, 'learning_rate': 0.03, 'colsample_bytree': 0.8}",-6.274796507987122,-5.913579456622491,-5.826121715893735,-6.116834604996311,-6.306757795908063,-6.087618016281544,0.19109232072104373,35,6.087618016281544
11.274514722824097,0.7885304005677378,0.021606922149658203,0.004421487168220796,0.9,5,0.1,31,800,10,6,0.08,0.7,"{'subsample': 0.9, 'reg_lambda': 5, 'reg_alpha': 0.1, 'num_leaves': 31, 'n_estimators': 800, 'min_child_samples': 10, 'max_depth': 6, 'learning_rate': 0.08, 'colsample_bytree': 0.7}",-5.559081823210151,-5.185468687802567,-5.128498785928869,-5.421477169421107,-5.6637416826731215,-5.391653629807164,0.20722753395228596,3,5.391653629807164
33.4521023273468,1.633991232506113,0.045100831985473634,0.007465939784856564,1.0,0.1,1,31,1600,10,8,0.05,1.0,"{'subsample': 1.0, 'reg_lambda': 0.1, 'reg_alpha': 1, 'num_leaves': 31, 'n_estimators': 1600, 'min_child_samples': 10, 'max_depth': 8, 'learning_rate': 0.05, 'colsample_bytree': 1.0}",-5.727796291548089,-5.376351117066695,-5.38044031202724,-5.5531768560100225,-5.875291760718183,-5.5826112674740465,0.1954601196109238,23,5.5826112674740465
25.814128398895264,0.9562571585042516,0.03494415283203125,0.00629626843153955,0.7,0.1,1,127,800,80,-1,0.08,1.0,"{'subsample': 0.7, 'reg_lambda': 0.1, 'reg_alpha': 1, 'num_leaves': 127, 'n_estimators': 800, 'min_child_samples': 80, 'max_depth': -1, 'learning_rate': 0.08, 'colsample_bytree': 1.0}",-6.409484904989943,-5.467503923501996,-5.410519945918831,-5.831311747181127,-6.02147767357002,-5.828059639032384,0.36873195454493,30,5.828059639032384
51.83394484519958,2.7151182211231024,0.0669123649597168,0.005899892688061573,1.0,0,0,63,1600,10,10,0.05,0.8,"{'subsample': 1.0, 'reg_lambda': 0, 'reg_alpha': 0, 'num_leaves': 63, 'n_estimators': 1600, 'min_child_samples': 10, 'max_depth': 10, 'learning_rate': 0.05, 'colsample_bytree': 0.8}",-5.818913359176607,-5.4065230974715455,-5.455390048618053,-5.673821920286253,-5.936284926556137,-5.658186670421719,0.20390056073805582,25,5.658186670421719
11.239246129989624,0.3782544162835066,0.01872725486755371,0.0023165555298410782,1.0,1,0.1,127,800,20,6,0.08,0.8,"{'subsample': 1.0, 'reg_lambda': 1, 'reg_alpha': 0.1, 'num_leaves': 127, 'n_estimators': 800, 'min_child_samples': 20, 'max_depth': 6, 'learning_rate': 0.08, 'colsample_bytree': 0.8}",-5.51240040907651,-5.182656675201046,-5.195136843844102,-5.628696005870412,-5.762780083676911,-5.456334003533796,0.2323293085206271,8,5.456334003533796
17.73789234161377,0.2219510991051941,0.022011661529541017,0.0016664019687615609,1.0,0.01,0,31,800,20,10,0.05,0.9,"{'subsample': 1.0, 'reg_lambda': 0.01, 'reg_alpha': 0, 'num_leaves': 31, 'n_estimators': 800, 'min_child_samples': 20, 'max_depth': 10, 'learning_rate': 0.05, 'colsample_bytree': 0.9}",-5.499735814226721,-5.2027116803853195,-5.165963451514279,-5.690923794337245,-5.788473223558183,-5.469561592804349,0.250996829975534,11,5.469561592804349
11.202201652526856,0.6985976204079238,0.016965532302856447,0.005094705501903724,0.9,0.1,0.1,31,500,10,8,0.03,0.7,"{'subsample': 0.9, 'reg_lambda': 0.1, 'reg_alpha': 0.1, 'num_leaves': 31, 'n_estimators': 500, 'min_child_samples': 10, 'max_depth': 8, 'learning_rate': 0.03, 'colsample_bytree': 0.7}",-5.515847266332938,-5.1022575554501435,-5.065949514973688,-5.503238727795045,-5.672742331166468,-5.372007079143657,0.24281246878451865,2,5.372007079143657
22.007488584518434,1.8674111296135796,0.023379087448120117,0.004400491067309977,0.8,0.01,0,31,800,20,10,0.01,1.0,"{'subsample': 0.8, 'reg_lambda': 0.01, 'reg_alpha': 0, 'num_leaves': 31, 'n_estimators': 800, 'min_child_samples': 20, 'max_depth': 10, 'learning_rate': 0.01, 'colsample_bytree': 1.0}",-5.4501989349304925,-5.318022668996997,-5.148764003605235,-5.769952748075486,-5.81387983704738,-5.500163638531118,0.2570437801834579,15,5.500163638531118
13.33726716041565,0.2364132000941297,0.026068735122680663,0.006242254285359785,0.7,0,0.01,63,1200,40,6,0.05,0.7,"{'subsample': 0.7, 'reg_lambda': 0, 'reg_alpha': 0.01, 'num_leaves': 63, 'n_estimators': 1200, 'min_child_samples': 40, 'max_depth': 6, 'learning_rate': 0.05, 'colsample_bytree': 0.7}",-5.517081839996271,-5.303123764023459,-5.1689472716944165,-5.729388001282917,-5.823536354725182,-5.508415446344449,0.24721993436778858,17,5.508415446344449
6.327717208862305,0.3559978871615286,0.01401972770690918,0.0029413775569704244,0.8,1,0.01,63,800,20,4,0.05,0.9,"{'subsample': 0.8, 'reg_lambda': 1, 'reg_alpha': 0.01, 'num_leaves': 63, 'n_estimators': 800, 'min_child_samples': 20, 'max_depth': 4, 'learning_rate': 0.05, 'colsample_bytree': 0.9}",-5.50918633482372,-5.264846415114137,-5.168803277489252,-5.612876189349044,-5.7780439073871195,-5.466751224832654,0.22342556234255861,9,5.466751224832654
9.440788793563843,0.09151840800645905,0.01603226661682129,0.003902444524255375,1.0,5,0.01,127,800,80,6,0.01,1.0,"{'subsample': 1.0, 'reg_lambda': 5, 'reg_alpha': 0.01, 'num_leaves': 127, 'n_estimators': 800, 'min_child_samples': 80, 'max_depth': 6, 'learning_rate': 0.01, 'colsample_bytree': 1.0}",-6.269519787869873,-6.480346164338396,-6.156836834738403,-6.372796091696568,-6.494095309335705,-6.354718837595789,0.12802419954370747,39,6.354718837595789
12.31339225769043,0.5260217979469904,0.02305450439453125,0.000910786590856433,1.0,0.01,0.01,31,1200,80,6,0.08,0.8,"{'subsample': 1.0, 'reg_lambda': 0.01, 'reg_alpha': 0.01, 'num_leaves': 31, 'n_estimators': 1200, 'min_child_samples': 80, 'max_depth': 6, 'learning_rate': 0.08, 'colsample_bytree': 0.8}",-6.33143421806527,-5.342833603305013,-5.389072657636119,-5.780693625857117,-5.963689652303619,-5.761544751433427,0.36879743240489216,29,5.761544751433427
14.820649671554566,0.18400630647764987,0.02407102584838867,0.001281443447379392,0.8,0.1,0.01,15,1200,80,8,0.01,1.0,"{'subsample': 0.8, 'reg_lambda': 0.1, 'reg_alpha': 0.01, 'num_leaves': 15, 'n_estimators': 1200, 'min_child_samples': 80, 'max_depth': 8, 'learning_rate': 0.01, 'colsample_bytree': 1.0}",-6.238302908212515,-6.115578148541202,-5.896864876461182,-6.156007214842757,-6.316494410474308,-6.144649511706393,0.14189643755225612,36,6.144649511706393
23.630169773101805,1.2598518780835832,0.030046749114990234,0.006944741666922744,0.8,0.1,1,63,800,20,10,0.03,0.9,"{'subsample': 0.8, 'reg_lambda': 0.1, 'reg_alpha': 1, 'num_leaves': 63, 'n_estimators': 800, 'min_child_samples': 20, 'max_depth': 10, 'learning_rate': 0.03, 'colsample_bytree': 0.9}",-5.449436223868097,-5.312770444429726,-5.094758459546543,-5.649280931084679,-5.7482966718875135,-5.450908546163311,0.2339737111308773,6,5.450908546163311
13.946598863601684,0.14861309318958854,0.028090429306030274,0.006822138720794103,0.8,0,0,15,1200,80,8,0.08,0.8,"{'subsample': 0.8, 'reg_lambda': 0, 'reg_alpha': 0, 'num_leaves': 15, 'n_estimators': 1200, 'min_child_samples': 80, 'max_depth': 8, 'learning_rate': 0.08, 'colsample_bytree': 0.8}",-6.401352572399392,-5.344080969461866,-5.367230647304845,-5.696379640859677,-5.954942574039466,-5.7527972808130485,0.3950646245756549,28,5.7527972808130485
25.07387442588806,1.6579783410843243,0.03969311714172363,0.0010134553082666122,1.0,1,0,127,1600,10,6,0.05,0.9,"{'subsample': 1.0, 'reg_lambda': 1, 'reg_alpha': 0, 'num_leaves': 127, 'n_estimators': 1600, 'min_child_samples': 10, 'max_depth': 6, 'learning_rate': 0.05, 'colsample_bytree': 0.9}",-5.565884226071483,-5.326731662359035,-5.303831956779203,-5.462024145342014,-5.7780461576577835,-5.487303629641904,0.17366081393272917,13,5.487303629641904
616.5218124389648,0.5199698886281191,0.051767158508300784,0.010770051682336398,1.0,1,1,127,1200,10,-1,0.01,0.8,"{'subsample': 1.0, 'reg_lambda': 1, 'reg_alpha': 1, 'num_leaves': 127, 'n_estimators': 1200, 'min_child_samples': 10, 'max_depth': -1, 'learning_rate': 0.01, 'colsample_bytree': 0.8}",-5.665747095563922,-5.269577868700701,-5.260272695046649,-5.504831568976798,-5.764327768070118,-5.492951399271638,0.20380369878446894,14,5.492951399271638
4.2348321914672855,0.1483688269745978,0.011059427261352539,0.001795301035874265,0.7,5,0.01,127,500,10,4,0.03,0.9,"{'subsample': 0.7, 'reg_lambda': 5, 'reg_alpha': 0.01, 'num_leaves': 127, 'n_estimators': 500, 'min_child_samples': 10, 'max_depth': 4, 'learning_rate': 0.03, 'colsample_bytree': 0.9}",-5.665667211994953,-5.447452928881728,-5.345198179017791,-5.939140030116072,-5.766591796088274,-5.632810029219764,0.21442623723688384,24,5.632810029219764
5.0795605182647705,0.1708634760031478,0.01364436149597168,0.0025829636015172043,0.7,5,0,31,800,80,4,0.01,0.9,"{'subsample': 0.7, 'reg_lambda': 5, 'reg_alpha': 0, 'num_leaves': 31, 'n_estimators': 800, 'min_child_samples': 80, 'max_depth': 4, 'learning_rate': 0.01, 'colsample_bytree': 0.9}",-6.29854106970164,-6.566621140457777,-6.340442046657962,-6.488293686597954,-6.6535163277181155,-6.4694828542266904,0.13381377892155166,40,6.4694828542266904
6.386122560501098,0.285488994186543,0.013422393798828125,0.0014625280533366934,1.0,5,0.1,31,800,10,4,0.08,0.8,"{'subsample': 1.0, 'reg_lambda': 5, 'reg_alpha': 0.1, 'num_leaves': 31, 'n_estimators': 800, 'min_child_samples': 10, 'max_depth': 4, 'learning_rate': 0.08, 'colsample_bytree': 0.8}",-5.550002964518158,-5.162611850784,-5.084869716755874,-5.558168628706456,-5.618923671795679,-5.394915366512033,0.22404318327537004,4,5.394915366512033
7.546942806243896,0.18870337043549684,0.019469499588012695,0.003362701000404256,0.8,0.1,0,127,800,80,6,0.03,1.0,"{'subsample': 0.8, 'reg_lambda': 0.1, 'reg_alpha': 0, 'num_leaves': 127, 'n_estimators': 800, 'min_child_samples': 80, 'max_depth': 6, 'learning_rate': 0.03, 'colsample_bytree': 1.0}",-6.294005068209203,-5.759326366350803,-5.634761051452298,-6.057759861465696,-6.12008405170772,-5.973187279837144,0.24162948448451319,32,5.973187279837144
24.31496024131775,0.10707532032911356,0.02563333511352539,0.004941402269919593,1.0,1,1,63,500,40,-1,0.05,0.9,"{'subsample': 1.0, 'reg_lambda': 1, 'reg_alpha': 1, 'num_leaves': 63, 'n_estimators': 500, 'min_child_samples': 40, 'max_depth': -1, 'learning_rate': 0.05, 'colsample_bytree': 0.9}",-5.615522718893379,-5.454095561944465,-5.187099531668449,-5.68798552366173,-5.962557935440068,-5.581452254321618,0.2567042933690056,21,5.581452254321618
10.341381788253784,0.9120709598460032,0.02706284523010254,0.0058994687635143565,0.7,1,0.01,31,1600,40,4,0.08,1.0,"{'subsample': 0.7, 'reg_lambda': 1, 'reg_alpha': 0.01, 'num_leaves': 31, 'n_estimators': 1600, 'min_child_samples': 40, 'max_depth': 4, 'learning_rate': 0.08, 'colsample_bytree': 1.0}",-5.5718679998505625,-5.252708550329268,-5.16614839418134,-5.603248041993062,-5.77350119897152,-5.47349483706515,0.22791463792118144,12,5.47349483706515
548.8879302978515,0.5512466086746456,0.021440839767456053,0.0017538306087928155,0.9,0.1,0,127,800,40,-1,0.05,0.8,"{'subsample': 0.9, 'reg_lambda': 0.1, 'reg_alpha': 0, 'num_leaves': 127, 'n_estimators': 800, 'min_child_samples': 40, 'max_depth': -1, 'learning_rate': 0.05, 'colsample_bytree': 0.8}",-5.6235359126188715,-5.420270800649873,-5.22938773338196,-5.689708984006692,-5.92099453650245,-5.5767795934319695,0.23605051760994492,20,5.5767795934319695
215.64887714385986,254.85176369094793,0.017924928665161134,0.003004947673846339,0.9,0,1,15,1600,40,6,0.03,1.0,"{'subsample': 0.9, 'reg_lambda': 0, 'reg_alpha': 1, 'num_leaves': 15, 'n_estimators': 1600, 'min_child_samples': 40, 'max_depth': 6, 'learning_rate': 0.03, 'colsample_bytree': 1.0}",-5.555099642496548,-5.357026582569896,-5.210309935680052,-5.731597545889701,-5.824671140121897,-5.535740969351619,0.22806112781436624,19,5.535740969351619
9.411122703552246,0.2839321239104794,0.011438226699829102,0.0011418114683552601,0.8,0,0.1,15,1200,10,-1,0.08,1.0,"{'subsample': 0.8, 'reg_lambda': 0, 'reg_alpha': 0.1, 'num_leaves': 15, 'n_estimators': 1200, 'min_child_samples': 10, 'max_depth': -1, 'learning_rate': 0.08, 'colsample_bytree': 1.0}",-5.684615391695185,-5.220976090887805,-5.259160249875447,-5.49675411181359,-5.683479628920993,-5.468997094638604,0.19940430249216762,10,5.468997094638604
13.121914339065551,0.2925048625038605,0.019533491134643553,0.0008991128541879138,1.0,0,1,15,1600,10,10,0.03,0.8,"{'subsample': 1.0, 'reg_lambda': 0, 'reg_alpha': 1, 'num_leaves': 15, 'n_estimators': 1600, 'min_child_samples': 10, 'max_depth': 10, 'learning_rate': 0.03, 'colsample_bytree': 0.8}",-5.530181981400084,-5.1284282557504435,-5.134301430959554,-5.411421229784039,-5.6202737275658325,-5.36492132509199,0.20188743523317948,1,5.36492132509199
60.25556173324585,0.9022088142421494,0.0994020938873291,0.021401568802979765,1.0,0,0.1,127,1600,20,-1,0.03,0.8,"{'subsample': 1.0, 'reg_lambda': 0, 'reg_alpha': 0.1, 'num_leaves': 127, 'n_estimators': 1600, 'min_child_samples': 20, 'max_depth': -1, 'learning_rate': 0.03, 'colsample_bytree': 0.8}",-5.7053771429493345,-5.540440418939338,-5.43041979324594,-5.80738313976137,-5.891087189522672,-5.674941536883731,0.16915524306627328,27,5.674941536883731
15.801150369644166,0.15424069727304016,0.015885448455810545,0.002682606818475481,1.0,0.01,0.01,63,500,40,-1,0.01,0.7,"{'subsample': 1.0, 'reg_lambda': 0.01, 'reg_alpha': 0.01, 'num_leaves': 63, 'n_estimators': 500, 'min_child_samples': 40, 'max_depth': -1, 'learning_rate': 0.01, 'colsample_bytree': 0.7}",-5.796216493170568,-5.905745147793068,-5.6641851296047,-6.078362116604903,-6.580296062793618,-6.004960989993371,0.31810199832848185,33,6.004960989993371
11.364166307449342,1.1687926133479116,0.024846553802490234,0.004926693379472433,1.0,1,0,15,1600,10,10,0.01,0.8,"{'subsample': 1.0, 'reg_lambda': 1, 'reg_alpha': 0, 'num_leaves': 15, 'n_estimators': 1600, 'min_child_samples': 10, 'max_depth': 10, 'learning_rate': 0.01, 'colsample_bytree': 0.8}",-5.499614337674383,-5.189153913284848,-5.162809236789615,-5.5550373139254665,-5.67037998795426,-5.4153989579257145,0.203270663783589,5,5.4153989579257145
